Channel 1!!!_x,Channel 1!!!_y
0.,1163279.
1.,1158897.
2.,1160062.
3.,1161287.
4.,1160266.
5.,1162801.
6.,1160407.
7.,1160537.
8.,1160291.
9.,1160452.
10.,1160387.
11.,1158633.
12.,1160780.
13.,1160649.
14.,1163350.
15.,1158647.
16.,1160503.
17.,1159832.
18.,1162034.
19.,1160262.
20.,1158704.
21.,1160490.
22.,1159319.
23.,1161347.
24.,1162259.
25.,1160507.
26.,1161381.
27.,1159119.
28.,1158042.
29.,1162150.
30.,1161104.
31.,1161372.
32.,1160376.
33.,1158954.
34.,1160936.
35.,1161103.
36.,1161055.
37.,1160605.
38.,1161228.
39.,1160357.
40.,1159692.
41.,1159959.
42.,1160521.
43.,1157049.
44.,1160774.
45.,1158960.
46.,1161322.
47.,1158226.
48.,1159196.
49.,1160526.
50.,1160254.
51.,1160970.
52.,1158482.
53.,1160085.
54.,1159446.
55.,1161206.
56.,1159693.
57.,1159279.
58.,1162213.
59.,1159541.
60.,1160118.
61.,1159629.
62.,1160066.
63.,1159914.
64.,1160693.
65.,1160264.
66.,1158852.
67.,1159599.
68.,1161060.
69.,1160635.
70.,1162341.
71.,1161008.
72.,1160066.
73.,1159724.
74.,1158233.
75.,1158619.
76.,1159446.
77.,1159558.
78.,1161273.
79.,1160846.
80.,1160860.
81.,1159954.
82.,1161357.
83.,1160370.
84.,1159167.
85.,1159013.
86.,1159974.
87.,1160012.
88.,1158053.
89.,1159793.
90.,1158451.
91.,1159964.
92.,1159744.
93.,1160473.
94.,1158742.
95.,1159851.
96.,1160802.
97.,1158602.
98.,1162749.
99.,1159019.
100.,1161100.
101.,1158888.
102.,1160501.
103.,1159428.
104.,1160091.
105.,1161222.
106.,1159074.
107.,1159957.
108.,1159095.
109.,1159307.
110.,1160392.
111.,1159194.
112.,1159102.
113.,1160516.
114.,1160024.
115.,1159720.
116.,1157474.
117.,1160043.
118.,1158276.
119.,1158686.
120.,1160757.
121.,1157129.
122.,1157332.
123.,1158064.
124.,1161069.
125.,1159779.
126.,1158859.
127.,1160866.
128.,1157844.
129.,1157935.
130.,1160614.
131.,1161285.
132.,1161424.
133.,1160130.
134.,1159189.
135.,1158885.
136.,1159234.
137.,1160949.
138.,1161042.
139.,1159564.
140.,1159835.
141.,1157469.
142.,1158543.
143.,1158111.
144.,1159561.
145.,1158412.
146.,1156965.
147.,1160783.
148.,1157688.
149.,1158450.
150.,1158048.
151.,1158426.
152.,1159252.
153.,1159031.
154.,1158402.
155.,1158968.
156.,1156735.
157.,1159888.
158.,1158384.
159.,1157739.
160.,1160999.
161.,1156908.
162.,1159382.
163.,1159235.
164.,1160255.
165.,1159287.
166.,1158018.
167.,1157872.
168.,1161133.
169.,1161073.
170.,1159065.
171.,1159799.
172.,1157908.
173.,1158830.
174.,1158489.
175.,1158193.
176.,1158779.
177.,1158664.
178.,1160250.
179.,1158868.
180.,1159813.
181.,1158015.
182.,1159933.
183.,1157644.
184.,1159013.
185.,1160135.
186.,1158882.
187.,1158221.
188.,1159197.
189.,1159801.
190.,1159133.
191.,1159498.
192.,1158849.
193.,1159245.
194.,1157834.
195.,1158791.
196.,1159846.
197.,1159047.
198.,1158815.
199.,1158751.
200.,1156789.
201.,1157160.
202.,1158020.
203.,1158543.
204.,1157210.
205.,1159233.
206.,1159638.
207.,1158029.
208.,1159159.
209.,1158748.
210.,1159280.
211.,1159169.
212.,1160025.
213.,1159485.
214.,1158004.
215.,1160190.
216.,1158071.
217.,1158310.
218.,1157801.
219.,1157920.
220.,1158249.
221.,1158394.
222.,1158936.
223.,1159032.
224.,1159943.
225.,1155032.
226.,1156630.
227.,1156904.
228.,1157892.
229.,1158776.
230.,1156043.
231.,1159382.
232.,1158937.
233.,1158126.
234.,1157161.
235.,1156742.
236.,1159891.
237.,1158596.
238.,1157159.
239.,1158801.
240.,1158898.
241.,1157800.
242.,1157699.
243.,1157646.
244.,1159952.
245.,1156406.
246.,1159285.
247.,1159655.
248.,1158394.
249.,1158593.
250.,1157048.
251.,1157412.
252.,1159255.
253.,1155941.
254.,1158216.
255.,1156646.
256.,1157975.
257.,1157784.
258.,1158015.
259.,1158239.
260.,1158120.
261.,1158603.
262.,1157605.
263.,1157587.
264.,1159592.
265.,1158627.
266.,1156398.
267.,1157121.
268.,1157911.
269.,1158646.
270.,1160371.
271.,1157782.
272.,1157642.
273.,1158616.
274.,1158634.
275.,1159682.
276.,1159606.
277.,1155046.
278.,1157551.
279.,1156846.
280.,1156320.
281.,1157980.
282.,1157835.
283.,1157452.
284.,1158062.
285.,1155700.
286.,1157695.
287.,1158676.
288.,1157931.
289.,1158885.
290.,1160275.
291.,1158017.
292.,1156774.
293.,1156899.
294.,1156294.
295.,1157666.
296.,1156798.
297.,1158331.
298.,1158078.
299.,1157096.
300.,1157330.
301.,1157694.
302.,1158315.
303.,1156286.
304.,1155796.
305.,1158544.
306.,1158328.
307.,1157041.
308.,1159350.
309.,1156219.
310.,1158480.
311.,1159215.
312.,1158632.
313.,1156669.
314.,1156573.
315.,1158963.
316.,1159609.
317.,1157337.
318.,1158255.
319.,1158459.
320.,1158573.
321.,1155714.
322.,1156376.
323.,1157231.
324.,1156943.
325.,1158117.
326.,1158622.
327.,1158611.
328.,1159553.
329.,1155795.
330.,1156973.
331.,1157658.
332.,1156257.
333.,1156551.
334.,1157263.
335.,1156604.
336.,1156004.
337.,1155264.
338.,1156785.
339.,1155954.
340.,1157502.
341.,1156331.
342.,1157622.
343.,1153953.
344.,1156428.
345.,1156066.
346.,1158067.
347.,1156047.
348.,1158573.
349.,1157371.
350.,1157754.
351.,1156591.
352.,1157323.
353.,1157359.
354.,1158670.
355.,1155743.
356.,1156912.
357.,1156820.
358.,1156037.
359.,1156980.
360.,1154651.
361.,1157564.
362.,1155843.
363.,1156768.
364.,1156570.
365.,1158404.
366.,1157777.
367.,1155972.
368.,1154365.
369.,1155548.
370.,1156384.
371.,1158581.
372.,1156655.
373.,1156698.
374.,1157428.
375.,1156171.
376.,1156418.
377.,1157073.
378.,1157417.
379.,1156655.
380.,1154833.
381.,1156530.
382.,1156224.
383.,1156294.
384.,1156796.
385.,1156121.
386.,1157041.
387.,1156902.
388.,1157695.
389.,1159265.
390.,1156683.
391.,1157483.
392.,1157338.
393.,1155812.
394.,1155596.
395.,1155830.
396.,1156548.
397.,1157838.
398.,1156675.
399.,1157331.
400.,1155338.
401.,1157163.
402.,1155737.
403.,1159135.
404.,1155608.
405.,1156800.
406.,1156149.
407.,1157258.
408.,1157364.
409.,1157564.
410.,1156214.
411.,1156548.
412.,1155815.
413.,1156765.
414.,1156752.
415.,1157280.
416.,1155382.
417.,1157748.
418.,1156423.
419.,1155134.
420.,1155847.
421.,1156949.
422.,1157171.
423.,1155893.
424.,1154198.
425.,1156252.
426.,1157526.
427.,1156375.
428.,1155157.
429.,1155899.
430.,1155791.
431.,1155048.
432.,1156091.
433.,1155983.
434.,1156864.
435.,1154802.
436.,1154666.
437.,1154873.
438.,1156233.
439.,1153391.
440.,1156402.
441.,1156459.
442.,1156641.
443.,1156647.
444.,1157064.
445.,1155221.
446.,1155411.
447.,1154589.
448.,1156020.
449.,1156504.
450.,1156031.
451.,1155909.
452.,1156417.
453.,1157888.
454.,1155968.
455.,1157008.
456.,1156291.
457.,1155916.
458.,1156076.
459.,1152849.
460.,1155347.
461.,1155743.
462.,1153957.
463.,1153880.
464.,1156943.
465.,1155238.
466.,1154961.
467.,1155292.
468.,1154182.
469.,1156250.
470.,1155407.
471.,1154458.
472.,1155803.
473.,1156030.
474.,1155717.
475.,1154837.
476.,1156426.
477.,1155164.
478.,1156284.
479.,1155976.
480.,1155658.
481.,1155317.
482.,1155093.
483.,1154973.
484.,1154805.
485.,1154051.
486.,1155516.
487.,1154667.
488.,1154713.
489.,1154993.
490.,1156930.
491.,1155982.
492.,1156356.
493.,1155694.
494.,1155567.
495.,1155644.
496.,1155089.
497.,1155776.
498.,1156215.
499.,1154400.
500.,1155009.
501.,1153228.
502.,1153742.
503.,1154646.
504.,1155147.
505.,1154558.
506.,1153099.
507.,1155795.
508.,1155892.
509.,1155480.
510.,1155155.
511.,1155618.
512.,1156767.
513.,1155783.
514.,1154953.
515.,1153968.
516.,1156559.
517.,1154109.
518.,1154077.
519.,1154444.
520.,1155420.
521.,1154913.
522.,1155915.
523.,1154877.
524.,1154786.
525.,1154872.
526.,1156307.
527.,1154690.
528.,1156104.
529.,1153692.
530.,1155462.
531.,1154188.
532.,1154034.
533.,1154484.
534.,1154160.
535.,1156611.
536.,1155707.
537.,1154437.
538.,1153897.
539.,1154940.
540.,1154808.
541.,1154199.
542.,1156495.
543.,1154902.
544.,1154225.
545.,1154438.
546.,1155326.
547.,1153976.
548.,1155654.
549.,1155611.
550.,1153493.
551.,1154738.
552.,1156743.
553.,1154608.
554.,1155190.
555.,1153600.
556.,1153492.
557.,1153805.
558.,1153246.
559.,1154441.
560.,1155037.
561.,1153904.
562.,1153923.
563.,1153299.
564.,1156887.
565.,1154696.
566.,1153178.
567.,1155182.
568.,1154782.
569.,1155703.
570.,1154598.
571.,1153057.
572.,1152085.
573.,1153858.
574.,1152162.
575.,1154348.
576.,1156080.
577.,1154389.
578.,1153332.
579.,1153618.
580.,1156399.
581.,1154298.
582.,1156045.
583.,1154139.
584.,1153514.
585.,1154190.
586.,1152894.
587.,1153939.
588.,1155636.
589.,1153731.
590.,1153449.
591.,1154858.
592.,1154999.
593.,1154244.
594.,1154809.
595.,1155502.
596.,1155706.
597.,1155359.
598.,1153591.
599.,1152848.
600.,1152948.
601.,1153602.
602.,1154217.
603.,1153349.
604.,1153520.
605.,1153756.
606.,1153756.
607.,1154137.
608.,1155570.
609.,1154531.
610.,1153800.
611.,1155293.
612.,1152411.
613.,1152764.
614.,1154194.
615.,1155679.
616.,1153307.
617.,1153132.
618.,1155015.
619.,1155163.
620.,1153882.
621.,1152344.
622.,1152429.
623.,1153978.
624.,1155298.
625.,1152633.
626.,1155270.
627.,1153725.
628.,1154962.
629.,1151719.
630.,1151709.
631.,1154913.
632.,1151979.
633.,1153241.
634.,1154900.
635.,1151622.
636.,1154082.
637.,1151969.
638.,1154229.
639.,1154871.
640.,1152126.
641.,1154916.
642.,1151949.
643.,1153108.
644.,1153796.
645.,1152670.
646.,1152967.
647.,1153915.
648.,1154102.
649.,1153705.
650.,1152646.
651.,1152640.
652.,1153576.
653.,1153124.
654.,1152921.
655.,1152990.
656.,1154276.
657.,1151718.
658.,1154060.
659.,1153361.
660.,1153861.
661.,1151340.
662.,1152647.
663.,1151985.
664.,1152730.
665.,1152208.
666.,1152889.
667.,1152949.
668.,1153068.
669.,1152771.
670.,1153905.
671.,1156462.
672.,1154389.
673.,1154497.
674.,1152545.
675.,1151263.
676.,1154241.
677.,1153851.
678.,1153779.
679.,1152843.
680.,1153945.
681.,1151557.
682.,1153900.
683.,1152040.
684.,1152750.
685.,1154165.
686.,1153504.
687.,1153519.
688.,1152326.
689.,1152840.
690.,1152192.
691.,1153857.
692.,1152975.
693.,1152734.
694.,1154460.
695.,1152889.
696.,1154357.
697.,1152956.
698.,1152207.
699.,1153910.
700.,1152351.
701.,1153272.
702.,1152678.
703.,1153222.
704.,1151411.
705.,1151959.
706.,1150691.
707.,1154506.
708.,1153400.
709.,1154764.
710.,1154331.
711.,1152293.
712.,1151900.
713.,1153165.
714.,1153052.
715.,1151227.
716.,1153455.
717.,1151884.
718.,1152553.
719.,1153033.
720.,1152183.
721.,1151817.
722.,1152587.
723.,1151766.
724.,1152745.
725.,1152716.
726.,1152252.
727.,1153019.
728.,1152209.
729.,1151961.
730.,1152294.
731.,1153536.
732.,1153716.
733.,1152098.
734.,1153228.
735.,1151494.
736.,1151715.
737.,1152285.
738.,1153556.
739.,1151577.
740.,1151269.
741.,1151769.
742.,1155447.
743.,1153606.
744.,1152377.
745.,1152555.
746.,1152877.
747.,1152417.
748.,1152799.
749.,1152467.
750.,1154424.
751.,1152551.
752.,1154378.
753.,1151865.
754.,1152742.
755.,1152629.
756.,1152799.
757.,1152012.
758.,1153013.
759.,1150843.
760.,1152382.
761.,1152447.
762.,1151498.
763.,1152158.
764.,1151182.
765.,1151119.
766.,1150690.
767.,1152255.
768.,1150909.
769.,1151918.
770.,1152852.
771.,1152850.
772.,1151305.
773.,1151066.
774.,1152198.
775.,1149847.
776.,1150612.
777.,1150733.
778.,1150050.
779.,1150822.
780.,1151884.
781.,1151145.
782.,1149873.
783.,1151917.
784.,1150839.
785.,1151991.
786.,1152893.
787.,1151663.
788.,1152286.
789.,1153098.
790.,1151853.
791.,1150952.
792.,1152009.
793.,1152941.
794.,1150016.
795.,1153353.
796.,1150227.
797.,1151672.
798.,1152575.
799.,1151983.
800.,1152162.
801.,1150548.
802.,1152206.
803.,1151165.
804.,1153845.
805.,1150097.
806.,1151511.
807.,1151607.
808.,1151710.
809.,1151256.
810.,1152691.
811.,1152699.
812.,1150229.
813.,1150739.
814.,1150296.
815.,1153483.
816.,1152057.
817.,1150944.
818.,1150647.
819.,1153109.
820.,1150807.
821.,1151904.
822.,1152508.
823.,1151039.
824.,1150932.
825.,1152591.
826.,1149884.
827.,1150810.
828.,1152984.
829.,1151542.
830.,1149146.
831.,1150990.
832.,1150357.
833.,1151870.
834.,1152534.
835.,1152181.
836.,1148770.
837.,1149514.
838.,1152851.
839.,1153517.
840.,1154376.
841.,1150267.
842.,1150568.
843.,1150962.
844.,1151579.
845.,1152971.
846.,1150882.
847.,1151080.
848.,1151680.
849.,1150222.
850.,1150311.
851.,1150615.
852.,1151725.
853.,1153213.
854.,1152533.
855.,1150066.
856.,1153214.
857.,1150893.
858.,1150420.
859.,1150153.
860.,1152020.
861.,1150363.
862.,1150894.
863.,1151752.
864.,1151145.
865.,1149965.
866.,1150307.
867.,1152216.
868.,1149254.
869.,1150705.
870.,1152689.
871.,1150324.
872.,1150598.
873.,1150885.
874.,1151773.
875.,1151478.
876.,1149229.
877.,1150584.
878.,1151102.
879.,1150469.
880.,1150347.
881.,1151227.
882.,1150876.
883.,1150198.
884.,1150722.
885.,1148364.
886.,1150664.
887.,1151671.
888.,1150712.
889.,1150733.
890.,1150581.
891.,1150363.
892.,1151575.
893.,1149068.
894.,1150526.
895.,1152865.
896.,1150849.
897.,1149772.
898.,1151178.
899.,1149976.
900.,1150384.
901.,1151376.
902.,1150307.
903.,1151362.
904.,1148601.
905.,1149748.
906.,1149028.
907.,1150849.
908.,1150798.
909.,1150690.
910.,1148577.
911.,1151238.
912.,1149194.
913.,1149988.
914.,1150212.
915.,1151468.
916.,1150749.
917.,1150255.
918.,1151485.
919.,1149405.
920.,1148328.
921.,1150884.
922.,1150489.
923.,1151362.
924.,1151299.
925.,1151393.
926.,1149728.
927.,1150923.
928.,1152525.
929.,1151308.
930.,1150080.
931.,1150948.
932.,1149431.
933.,1152170.
934.,1150682.
935.,1149707.
936.,1150104.
937.,1149604.
938.,1151092.
939.,1147901.
940.,1150343.
941.,1150125.
942.,1149680.
943.,1150557.
944.,1149775.
945.,1150456.
946.,1150392.
947.,1150787.
948.,1148436.
949.,1150525.
950.,1149943.
951.,1152172.
952.,1151305.
953.,1149192.
954.,1149002.
955.,1150288.
956.,1150198.
957.,1149700.
958.,1149632.
959.,1149532.
960.,1149559.
961.,1149009.
962.,1149990.
963.,1151691.
964.,1149308.
965.,1148537.
966.,1149799.
967.,1150498.
968.,1148923.
969.,1152316.
970.,1149285.
971.,1149149.
972.,1148798.
973.,1148543.
974.,1148457.
975.,1149540.
976.,1150943.
977.,1149486.
978.,1149512.
979.,1147415.
980.,1147421.
981.,1148571.
982.,1151210.
983.,1150861.
984.,1150641.
985.,1149140.
986.,1150535.
987.,1149183.
988.,1151554.
989.,1148619.
990.,1150234.
991.,1149748.
992.,1150186.
993.,1150360.
994.,1149725.
995.,1151299.
996.,1149858.
997.,1150291.
998.,1149252.
999.,1150079.
1000.,1150059.
1001.,1148487.
1002.,1148872.
1003.,1148958.
1004.,1148530.
1005.,1150792.
1006.,1149794.
1007.,1150073.
1008.,1148558.
1009.,1148683.
1010.,1149105.
1011.,1150900.
1012.,1148532.
1013.,1148420.
1014.,1149033.
1015.,1148497.
1016.,1150207.
1017.,1150364.
1018.,1150942.
1019.,1148089.
1020.,1151492.
1021.,1150914.
1022.,1147820.
1023.,1150024.
1024.,1151037.
1025.,1149227.
1026.,1147290.
1027.,1148562.
1028.,1150411.
1029.,1147412.
1030.,1147434.
1031.,1150060.
1032.,1147148.
1033.,1148856.
1034.,1149131.
1035.,1147448.
1036.,1148697.
1037.,1149413.
1038.,1148625.
1039.,1150203.
1040.,1146742.
1041.,1148681.
1042.,1147176.
1043.,1148242.
1044.,1149349.
1045.,1147466.
1046.,1147980.
1047.,1148289.
1048.,1149292.
1049.,1149563.
1050.,1149809.
1051.,1146799.
1052.,1148711.
1053.,1148114.
1054.,1148824.
1055.,1146855.
1056.,1150378.
1057.,1148642.
1058.,1149226.
1059.,1148891.
1060.,1147649.
1061.,1148282.
1062.,1148612.
1063.,1148872.
1064.,1148235.
1065.,1149129.
1066.,1150278.
1067.,1149123.
1068.,1148792.
1069.,1146958.
1070.,1147861.
1071.,1149558.
1072.,1148313.
1073.,1149790.
1074.,1148972.
1075.,1150126.
1076.,1148112.
1077.,1149779.
1078.,1148330.
1079.,1148926.
1080.,1148867.
1081.,1148409.
1082.,1149592.
1083.,1149186.
1084.,1150408.
1085.,1149654.
1086.,1149803.
1087.,1148838.
1088.,1149138.
1089.,1150004.
1090.,1148630.
1091.,1148126.
1092.,1147591.
1093.,1146497.
1094.,1147384.
1095.,1147203.
1096.,1148396.
1097.,1145361.
1098.,1146876.
1099.,1146228.
1100.,1147214.
1101.,1149856.
1102.,1148650.
1103.,1149243.
1104.,1146608.
1105.,1148057.
1106.,1145623.
1107.,1147779.
1108.,1149696.
1109.,1146924.
1110.,1147228.
1111.,1146589.
1112.,1149288.
1113.,1149358.
1114.,1149539.
1115.,1148503.
1116.,1149498.
1117.,1147221.
1118.,1147634.
1119.,1147400.
1120.,1148624.
1121.,1146313.
1122.,1146040.
1123.,1147120.
1124.,1147033.
1125.,1147062.
1126.,1147608.
1127.,1147912.
1128.,1147639.
1129.,1149181.
1130.,1149053.
1131.,1148542.
1132.,1148111.
1133.,1147914.
1134.,1147830.
1135.,1147291.
1136.,1147774.
1137.,1147205.
1138.,1150370.
1139.,1146186.
1140.,1150837.
1141.,1148025.
1142.,1148069.
1143.,1149227.
1144.,1148218.
1145.,1147713.
1146.,1146178.
1147.,1146281.
1148.,1146582.
1149.,1147678.
1150.,1146894.
1151.,1148442.
1152.,1147834.
1153.,1148001.
1154.,1148505.
1155.,1148630.
1156.,1149151.
1157.,1147441.
1158.,1147096.
1159.,1148618.
1160.,1147045.
1161.,1146619.
1162.,1149131.
1163.,1148112.
1164.,1148269.
1165.,1146028.
1166.,1148374.
1167.,1145900.
1168.,1147773.
1169.,1147183.
1170.,1147345.
1171.,1146642.
1172.,1147538.
1173.,1146700.
1174.,1148672.
1175.,1146727.
1176.,1145783.
1177.,1146449.
1178.,1145291.
1179.,1145387.
1180.,1147322.
1181.,1148525.
1182.,1148326.
1183.,1145606.
1184.,1146235.
1185.,1147047.
1186.,1146496.
1187.,1148024.
1188.,1147701.
1189.,1147309.
1190.,1149316.
1191.,1147728.
1192.,1146707.
1193.,1147718.
1194.,1147905.
1195.,1146639.
1196.,1148260.
1197.,1148728.
1198.,1147753.
1199.,1147059.
1200.,1146984.
1201.,1147354.
1202.,1145979.
1203.,1147830.
1204.,1146445.
1205.,1148754.
1206.,1146081.
1207.,1148665.
1208.,1146168.
1209.,1146610.
1210.,1146063.
1211.,1146179.
1212.,1146093.
1213.,1145931.
1214.,1147460.
1215.,1145865.
1216.,1146904.
1217.,1144638.
1218.,1148472.
1219.,1145443.
1220.,1147074.
1221.,1148286.
1222.,1146351.
1223.,1147453.
1224.,1146794.
1225.,1146409.
1226.,1146160.
1227.,1145457.
1228.,1146782.
1229.,1146544.
1230.,1147242.
1231.,1147783.
1232.,1146501.
1233.,1145780.
1234.,1146063.
1235.,1146987.
1236.,1147116.
1237.,1147978.
1238.,1147480.
1239.,1146696.
1240.,1146073.
1241.,1145747.
1242.,1146741.
1243.,1146340.
1244.,1148579.
1245.,1147045.
1246.,1147935.
1247.,1148593.
1248.,1147541.
1249.,1146639.
1250.,1145952.
1251.,1146306.
1252.,1148689.
1253.,1146235.
1254.,1147408.
1255.,1147049.
1256.,1146865.
1257.,1145950.
1258.,1145703.
1259.,1148321.
1260.,1146888.
1261.,1146953.
1262.,1147643.
1263.,1146550.
1264.,1149082.
1265.,1146905.
1266.,1147410.
1267.,1145327.
1268.,1146845.
1269.,1146814.
1270.,1145649.
1271.,1146866.
1272.,1145087.
1273.,1147207.
1274.,1145206.
1275.,1145431.
1276.,1146922.
1277.,1147806.
1278.,1146019.
1279.,1146080.
1280.,1146445.
1281.,1146057.
1282.,1146795.
1283.,1145093.
1284.,1145836.
1285.,1146363.
1286.,1145949.
1287.,1147020.
1288.,1147960.
1289.,1145070.
1290.,1147591.
1291.,1144890.
1292.,1146949.
1293.,1145699.
1294.,1146278.
1295.,1146707.
1296.,1144236.
1297.,1144996.
1298.,1146697.
1299.,1145259.
1300.,1146328.
1301.,1143990.
1302.,1147293.
1303.,1146610.
1304.,1146605.
1305.,1145743.
1306.,1144986.
1307.,1146526.
1308.,1146234.
1309.,1146137.
1310.,1146173.
1311.,1144769.
1312.,1144656.
1313.,1146254.
1314.,1145326.
1315.,1144824.
1316.,1147016.
1317.,1146012.
1318.,1145488.
1319.,1146993.
1320.,1146040.
1321.,1146489.
1322.,1146777.
1323.,1145547.
1324.,1144245.
1325.,1144408.
1326.,1144992.
1327.,1144945.
1328.,1145053.
1329.,1146300.
1330.,1145610.
1331.,1145878.
1332.,1145994.
1333.,1146177.
1334.,1146738.
1335.,1144408.
1336.,1145376.
1337.,1146214.
1338.,1144489.
1339.,1144817.
1340.,1147681.
1341.,1144414.
1342.,1146411.
1343.,1143928.
1344.,1144965.
1345.,1147256.
1346.,1145823.
1347.,1146144.
1348.,1143886.
1349.,1146821.
1350.,1145584.
1351.,1147731.
1352.,1144430.
1353.,1144881.
1354.,1146432.
1355.,1144221.
1356.,1145944.
1357.,1147809.
1358.,1146149.
1359.,1144902.
1360.,1144949.
1361.,1145274.
1362.,1146940.
1363.,1146075.
1364.,1143707.
1365.,1146193.
1366.,1143677.
1367.,1145208.
1368.,1147180.
1369.,1146746.
1370.,1144867.
1371.,1146406.
1372.,1146444.
1373.,1145621.
1374.,1146680.
1375.,1144279.
1376.,1145128.
1377.,1145625.
1378.,1146590.
1379.,1144916.
1380.,1144655.
1381.,1145605.
1382.,1144360.
1383.,1146061.
1384.,1144768.
1385.,1147397.
1386.,1143968.
1387.,1145712.
1388.,1143396.
1389.,1144269.
1390.,1144488.
1391.,1146397.
1392.,1145491.
1393.,1145713.
1394.,1146758.
1395.,1146383.
1396.,1145844.
1397.,1144752.
1398.,1146401.
1399.,1144130.
1400.,1144690.
1401.,1147213.
1402.,1144418.
1403.,1144282.
1404.,1147096.
1405.,1145353.
1406.,1144622.
1407.,1144950.
1408.,1142577.
1409.,1143480.
1410.,1145546.
1411.,1144076.
1412.,1144128.
1413.,1143658.
1414.,1144437.
1415.,1144773.
1416.,1143809.
1417.,1145744.
1418.,1141666.
1419.,1146174.
1420.,1143673.
1421.,1144755.
1422.,1146829.
1423.,1145390.
1424.,1145445.
1425.,1145955.
1426.,1144459.
1427.,1145142.
1428.,1144614.
1429.,1142780.
1430.,1145672.
1431.,1144836.
1432.,1145526.
1433.,1146709.
1434.,1144969.
1435.,1143542.
1436.,1144947.
1437.,1144414.
1438.,1145961.
1439.,1145336.
1440.,1144575.
1441.,1144677.
1442.,1144236.
1443.,1145282.
1444.,1144077.
1445.,1146108.
1446.,1145029.
1447.,1145940.
1448.,1143484.
1449.,1144670.
1450.,1144911.
1451.,1144191.
1452.,1144407.
1453.,1142724.
1454.,1144581.
1455.,1144566.
1456.,1143896.
1457.,1145291.
1458.,1145022.
1459.,1144861.
1460.,1142375.
1461.,1142907.
1462.,1144889.
1463.,1143420.
1464.,1143112.
1465.,1143994.
1466.,1145683.
1467.,1144628.
1468.,1144977.
1469.,1144722.
1470.,1142369.
1471.,1144824.
1472.,1144126.
1473.,1144331.
1474.,1143455.
1475.,1143990.
1476.,1146372.
1477.,1142823.
1478.,1143445.
1479.,1144210.
1480.,1144663.
1481.,1144736.
1482.,1145428.
1483.,1144920.
1484.,1144875.
1485.,1143485.
1486.,1144330.
1487.,1143400.
1488.,1144918.
1489.,1146365.
1490.,1145202.
1491.,1143900.
1492.,1143909.
1493.,1142736.
1494.,1145072.
1495.,1143011.
1496.,1144471.
1497.,1144772.
1498.,1142641.
1499.,1142474.
1500.,1145073.
1501.,1146422.
1502.,1146409.
1503.,1143656.
1504.,1144687.
1505.,1146349.
1506.,1145630.
1507.,1142493.
1508.,1142828.
1509.,1144716.
1510.,1145378.
1511.,1145094.
1512.,1145139.
1513.,1142993.
1514.,1146773.
1515.,1144083.
1516.,1144800.
1517.,1144281.
1518.,1143767.
1519.,1143616.
1520.,1142580.
1521.,1147484.
1522.,1144376.
1523.,1144611.
1524.,1143005.
1525.,1144369.
1526.,1143056.
1527.,1144247.
1528.,1143678.
1529.,1143108.
1530.,1145226.
1531.,1144361.
1532.,1143094.
1533.,1142364.
1534.,1145205.
1535.,1145141.
1536.,1143401.
1537.,1144753.
1538.,1143865.
1539.,1144032.
1540.,1145412.
1541.,1144394.
1542.,1144750.
1543.,1142811.
1544.,1142809.
1545.,1143089.
1546.,1143366.
1547.,1144380.
1548.,1145234.
1549.,1143775.
1550.,1143948.
1551.,1143130.
1552.,1142939.
1553.,1142788.
1554.,1143435.
1555.,1144363.
1556.,1143990.
1557.,1142956.
1558.,1146441.
1559.,1143715.
1560.,1143391.
1561.,1144058.
1562.,1143583.
1563.,1144177.
1564.,1142985.
1565.,1143575.
1566.,1142884.
1567.,1142764.
1568.,1141206.
1569.,1145421.
1570.,1142590.
1571.,1143719.
1572.,1144151.
1573.,1142728.
1574.,1143649.
1575.,1143392.
1576.,1145847.
1577.,1142187.
1578.,1142200.
1579.,1144117.
1580.,1144789.
1581.,1143015.
1582.,1144049.
1583.,1143253.
1584.,1144037.
1585.,1143446.
1586.,1143651.
1587.,1142387.
1588.,1142092.
1589.,1143802.
1590.,1143401.
1591.,1142992.
1592.,1143366.
1593.,1142608.
1594.,1143954.
1595.,1143087.
1596.,1142438.
1597.,1143353.
1598.,1142419.
1599.,1144321.
1600.,1144163.
1601.,1144924.
1602.,1143907.
1603.,1144144.
1604.,1141902.
1605.,1143237.
1606.,1145735.
1607.,1144255.
1608.,1144702.
1609.,1143984.
1610.,1143843.
1611.,1144833.
1612.,1144422.
1613.,1145894.
1614.,1142757.
1615.,1143839.
1616.,1142914.
1617.,1142537.
1618.,1143433.
1619.,1141811.
1620.,1144818.
1621.,1143688.
1622.,1145031.
1623.,1143209.
1624.,1142570.
1625.,1143872.
1626.,1143117.
1627.,1141741.
1628.,1142082.
1629.,1143499.
1630.,1144125.
1631.,1142432.
1632.,1142403.
1633.,1142855.
1634.,1142500.
1635.,1143082.
1636.,1142053.
1637.,1142571.
1638.,1141669.
1639.,1142518.
1640.,1142961.
1641.,1143227.
1642.,1144191.
1643.,1142710.
1644.,1143481.
1645.,1145511.
1646.,1143554.
1647.,1145314.
1648.,1144616.
1649.,1144534.
1650.,1140806.
1651.,1143513.
1652.,1143380.
1653.,1145239.
1654.,1143980.
1655.,1144743.
1656.,1142680.
1657.,1143600.
1658.,1141752.
1659.,1142094.
1660.,1142515.
1661.,1142405.
1662.,1145066.
1663.,1144889.
1664.,1141076.
1665.,1141878.
1666.,1144269.
1667.,1143297.
1668.,1143474.
1669.,1141739.
1670.,1142829.
1671.,1143330.
1672.,1140599.
1673.,1141541.
1674.,1141590.
1675.,1144159.
1676.,1142730.
1677.,1141758.
1678.,1143377.
1679.,1141685.
1680.,1143961.
1681.,1141030.
1682.,1139911.
1683.,1140717.
1684.,1142495.
1685.,1142427.
1686.,1141695.
1687.,1144726.
1688.,1145434.
1689.,1140530.
1690.,1142279.
1691.,1141758.
1692.,1142692.
1693.,1141894.
1694.,1141520.
1695.,1144664.
1696.,1141671.
1697.,1142081.
1698.,1144156.
1699.,1143159.
1700.,1144257.
1701.,1144850.
1702.,1141396.
1703.,1143459.
1704.,1142465.
1705.,1144697.
1706.,1143595.
1707.,1145161.
1708.,1144163.
1709.,1143385.
1710.,1143895.
1711.,1143474.
1712.,1142240.
1713.,1140669.
1714.,1143067.
1715.,1141774.
1716.,1143889.
1717.,1142462.
1718.,1142458.
1719.,1142631.
1720.,1143720.
1721.,1144175.
1722.,1142597.
1723.,1142805.
1724.,1142699.
1725.,1142682.
1726.,1141992.
1727.,1141187.
1728.,1142550.
1729.,1141905.
1730.,1143499.
1731.,1143756.
1732.,1142272.
1733.,1143580.
1734.,1141387.
1735.,1142826.
1736.,1141348.
1737.,1143213.
1738.,1142231.
1739.,1143905.
1740.,1143041.
1741.,1141615.
1742.,1142815.
1743.,1142227.
1744.,1142673.
1745.,1140754.
1746.,1141051.
1747.,1142378.
1748.,1142835.
1749.,1143403.
1750.,1143573.
1751.,1141911.
1752.,1141546.
1753.,1140552.
1754.,1144312.
1755.,1141455.
1756.,1141119.
1757.,1142547.
1758.,1141959.
1759.,1142869.
1760.,1142946.
1761.,1141659.
1762.,1143142.
1763.,1141751.
1764.,1141273.
1765.,1142632.
1766.,1143150.
1767.,1142333.
1768.,1142346.
1769.,1142505.
1770.,1142804.
1771.,1142205.
1772.,1143153.
1773.,1144296.
1774.,1142266.
1775.,1142551.
1776.,1141924.
1777.,1143352.
1778.,1143428.
1779.,1143149.
1780.,1143212.
1781.,1140656.
1782.,1142006.
1783.,1140931.
1784.,1142183.
1785.,1142610.
1786.,1142086.
1787.,1141999.
1788.,1142524.
1789.,1141363.
1790.,1142483.
1791.,1141885.
1792.,1140446.
1793.,1141122.
1794.,1140115.
1795.,1141818.
1796.,1142146.
1797.,1141619.
1798.,1140135.
1799.,1142249.
1800.,1143062.
1801.,1141208.
1802.,1142527.
1803.,1140545.
1804.,1141249.
1805.,1142118.
1806.,1142686.
1807.,1141595.
1808.,1140961.
1809.,1143234.
1810.,1143289.
1811.,1140211.
1812.,1144017.
1813.,1140506.
1814.,1142433.
1815.,1139622.
1816.,1142306.
1817.,1142212.
1818.,1142470.
1819.,1141940.
1820.,1144053.
1821.,1140770.
1822.,1139263.
1823.,1140668.
1824.,1140627.
1825.,1143536.
1826.,1138011.
1827.,1143018.
1828.,1143040.
1829.,1142257.
1830.,1140377.
1831.,1142946.
1832.,1142012.
1833.,1140927.
1834.,1142357.
1835.,1142694.
1836.,1142537.
1837.,1142790.
1838.,1141656.
1839.,1141777.
1840.,1141353.
1841.,1141655.
1842.,1142060.
1843.,1142545.
1844.,1140743.
1845.,1140897.
1846.,1141005.
1847.,1141603.
1848.,1141053.
1849.,1141256.
1850.,1142557.
1851.,1142945.
1852.,1141031.
1853.,1142419.
1854.,1141033.
1855.,1141972.
1856.,1141479.
1857.,1142485.
1858.,1141547.
1859.,1142770.
1860.,1140920.
1861.,1141165.
1862.,1138843.
1863.,1143718.
1864.,1142394.
1865.,1140538.
1866.,1141377.
1867.,1142990.
1868.,1140005.
1869.,1140540.
1870.,1140436.
1871.,1141513.
1872.,1141081.
1873.,1141783.
1874.,1142571.
1875.,1143036.
1876.,1142108.
1877.,1142668.
1878.,1142382.
1879.,1141864.
1880.,1142776.
1881.,1140837.
1882.,1141824.
1883.,1142386.
1884.,1141096.
1885.,1141307.
1886.,1142445.
1887.,1142462.
1888.,1142615.
1889.,1142888.
1890.,1141754.
1891.,1140739.
1892.,1141772.
1893.,1141254.
1894.,1142852.
1895.,1143012.
1896.,1142765.
1897.,1142316.
1898.,1141989.
1899.,1140964.
1900.,1139973.
1901.,1142604.
1902.,1140510.
1903.,1141085.
1904.,1142571.
1905.,1140830.
1906.,1140321.
1907.,1140820.
1908.,1142873.
1909.,1140820.
1910.,1143531.
1911.,1140057.
1912.,1142268.
1913.,1141322.
1914.,1141778.
1915.,1140298.
1916.,1141837.
1917.,1141878.
1918.,1140929.
1919.,1142112.
1920.,1142317.
1921.,1141498.
1922.,1141571.
1923.,1141268.
1924.,1140599.
1925.,1141427.
1926.,1141954.
1927.,1141132.
1928.,1141660.
1929.,1140956.
1930.,1139912.
1931.,1141572.
1932.,1143244.
1933.,1141107.
1934.,1141881.
1935.,1140341.
1936.,1141864.
1937.,1141119.
1938.,1139468.
1939.,1138368.
1940.,1141837.
1941.,1140373.
1942.,1140792.
1943.,1140734.
1944.,1141308.
1945.,1141085.
1946.,1143738.
1947.,1141029.
1948.,1142550.
1949.,1142361.
1950.,1139794.
1951.,1140988.
1952.,1139156.
1953.,1141889.
1954.,1142076.
1955.,1139945.
1956.,1141047.
1957.,1141588.
1958.,1140254.
1959.,1142545.
1960.,1141898.
1961.,1141865.
1962.,1142678.
1963.,1141483.
1964.,1143457.
1965.,1141075.
1966.,1142499.
1967.,1142061.
1968.,1142050.
1969.,1143252.
1970.,1140252.
1971.,1141724.
1972.,1139034.
1973.,1141215.
1974.,1143907.
1975.,1142581.
1976.,1141905.
1977.,1141509.
1978.,1139994.
1979.,1139470.
1980.,1140214.
1981.,1141348.
1982.,1140303.
1983.,1140077.
1984.,1141433.
1985.,1141090.
1986.,1142622.
1987.,1141612.
1988.,1140588.
1989.,1140170.
1990.,1140844.
1991.,1141609.
1992.,1141060.
1993.,1143360.
1994.,1139736.
1995.,1142047.
1996.,1140600.
1997.,1142469.
1998.,1139324.
1999.,1140479.
2000.,1142918.
2001.,1141971.
2002.,1141649.
2003.,1142291.
2004.,1141621.
2005.,1140826.
2006.,1140796.
2007.,1142752.
2008.,1139862.
2009.,1140988.
2010.,1139942.
2011.,1140981.
2012.,1139592.
2013.,1141763.
2014.,1140869.
2015.,1141843.
2016.,1140717.
2017.,1141596.
2018.,1142366.
2019.,1142469.
2020.,1139781.
2021.,1140638.
2022.,1141498.
2023.,1142602.
2024.,1141769.
2025.,1142520.
2026.,1142270.
2027.,1138869.
2028.,1140497.
2029.,1142693.
2030.,1139554.
2031.,1139449.
2032.,1141372.
2033.,1140985.
2034.,1140823.
2035.,1139979.
2036.,1142400.
2037.,1141102.
2038.,1142746.
2039.,1141708.
2040.,1141592.
2041.,1141756.
2042.,1140039.
2043.,1140921.
2044.,1141560.
2045.,1142542.
2046.,1141393.
2047.,1140403.
2048.,1139265.
2049.,1141154.
2050.,1141433.
2051.,1140622.
2052.,1140890.
2053.,1141883.
2054.,1141630.
2055.,1141942.
2056.,1141495.
2057.,1140629.
2058.,1142512.
2059.,1140965.
2060.,1140353.
2061.,1140935.
2062.,1142124.
2063.,1141793.
2064.,1142890.
2065.,1140096.
2066.,1140891.
2067.,1141036.
2068.,1138856.
2069.,1140798.
2070.,1140861.
2071.,1142347.
2072.,1141391.
2073.,1138803.
2074.,1139405.
2075.,1139805.
2076.,1139667.
2077.,1141164.
2078.,1140889.
2079.,1141070.
2080.,1139670.
2081.,1141162.
2082.,1139892.
2083.,1141299.
2084.,1140808.
2085.,1143321.
2086.,1141392.
2087.,1140344.
2088.,1141751.
2089.,1141372.
2090.,1139667.
2091.,1139972.
2092.,1139791.
2093.,1143008.
2094.,1141589.
2095.,1138905.
2096.,1140624.
2097.,1140278.
2098.,1137419.
2099.,1140932.
2100.,1141166.
2101.,1139683.
2102.,1141003.
2103.,1141433.
2104.,1140806.
2105.,1141828.
2106.,1140344.
2107.,1141711.
2108.,1139701.
2109.,1140690.
2110.,1140278.
2111.,1139640.
2112.,1140816.
2113.,1140206.
2114.,1141858.
2115.,1141394.
2116.,1139494.
2117.,1140394.
2118.,1142300.
2119.,1140319.
2120.,1141148.
2121.,1141406.
2122.,1141125.
2123.,1140762.
2124.,1140472.
2125.,1140755.
2126.,1140147.
2127.,1141762.
2128.,1140082.
2129.,1142981.
2130.,1140472.
2131.,1139878.
2132.,1141863.
2133.,1140438.
2134.,1140749.
2135.,1140406.
2136.,1141898.
2137.,1139892.
2138.,1139576.
2139.,1139223.
2140.,1140707.
2141.,1140896.
2142.,1141198.
2143.,1141512.
2144.,1140542.
2145.,1140098.
2146.,1141548.
2147.,1139599.
2148.,1140914.
2149.,1141021.
2150.,1140777.
2151.,1138708.
2152.,1140330.
2153.,1140790.
2154.,1141740.
2155.,1139626.
2156.,1140266.
2157.,1140142.
2158.,1142224.
2159.,1139401.
2160.,1140119.
2161.,1140936.
2162.,1140249.
2163.,1141145.
2164.,1139033.
2165.,1139114.
2166.,1139305.
2167.,1141693.
2168.,1141349.
2169.,1138041.
2170.,1140700.
2171.,1141323.
2172.,1141681.
2173.,1140209.
2174.,1139742.
2175.,1140408.
2176.,1142760.
2177.,1139815.
2178.,1139648.
2179.,1140489.
2180.,1139463.
2181.,1140599.
2182.,1141232.
2183.,1138717.
2184.,1141948.
2185.,1140805.
2186.,1139718.
2187.,1139269.
2188.,1141604.
2189.,1140570.
2190.,1140032.
2191.,1138609.
2192.,1140096.
2193.,1141560.
2194.,1140102.
2195.,1141040.
2196.,1141182.
2197.,1140796.
2198.,1141438.
2199.,1139307.
2200.,1140687.
2201.,1139666.
2202.,1138735.
2203.,1140624.
2204.,1140710.
2205.,1140740.
2206.,1141927.
2207.,1140815.
2208.,1140165.
2209.,1140805.
2210.,1142929.
2211.,1137267.
2212.,1139772.
2213.,1140976.
2214.,1141630.
2215.,1141796.
2216.,1140092.
2217.,1140394.
2218.,1141716.
2219.,1141063.
2220.,1141234.
2221.,1140763.
2222.,1140734.
2223.,1140499.
2224.,1140276.
2225.,1139518.
2226.,1141419.
2227.,1140870.
2228.,1140923.
2229.,1139917.
2230.,1141662.
2231.,1140119.
2232.,1138779.
2233.,1139523.
2234.,1140066.
2235.,1139395.
2236.,1141982.
2237.,1137912.
2238.,1142743.
2239.,1140693.
2240.,1140390.
2241.,1139057.
2242.,1139938.
2243.,1139309.
2244.,1139458.
2245.,1140013.
2246.,1138417.
2247.,1140195.
2248.,1140043.
2249.,1139936.
2250.,1140967.
2251.,1138507.
2252.,1139944.
2253.,1140956.
2254.,1141995.
2255.,1139054.
2256.,1138843.
2257.,1139864.
2258.,1140962.
2259.,1139728.
2260.,1137591.
2261.,1139450.
2262.,1138902.
2263.,1140334.
2264.,1140394.
2265.,1140936.
2266.,1141166.
2267.,1138374.
2268.,1139630.
2269.,1139030.
2270.,1138167.
2271.,1138623.
2272.,1138941.
2273.,1139963.
2274.,1138603.
2275.,1139632.
2276.,1140083.
2277.,1140439.
2278.,1138307.
2279.,1142502.
2280.,1141157.
2281.,1138906.
2282.,1140439.
2283.,1139764.
2284.,1139070.
2285.,1139040.
2286.,1138890.
2287.,1142220.
2288.,1139696.
2289.,1139121.
2290.,1139837.
2291.,1139304.
2292.,1138821.
2293.,1139865.
2294.,1139177.
2295.,1138389.
2296.,1138328.
2297.,1138967.
2298.,1138293.
2299.,1138127.
2300.,1138489.
2301.,1140042.
2302.,1139536.
2303.,1140568.
2304.,1140105.
2305.,1139533.
2306.,1138285.
2307.,1139908.
2308.,1139716.
2309.,1139221.
2310.,1141047.
2311.,1141001.
2312.,1138505.
2313.,1140153.
2314.,1139714.
2315.,1139084.
2316.,1138370.
2317.,1140126.
2318.,1139318.
2319.,1137991.
2320.,1138323.
2321.,1138919.
2322.,1139412.
2323.,1140961.
2324.,1137929.
2325.,1139540.
2326.,1138466.
2327.,1140351.
2328.,1139837.
2329.,1138865.
2330.,1139214.
2331.,1140435.
2332.,1137274.
2333.,1139459.
2334.,1139200.
2335.,1139168.
2336.,1139712.
2337.,1137089.
2338.,1140372.
2339.,1139475.
2340.,1140300.
2341.,1139774.
2342.,1139243.
2343.,1139931.
2344.,1138688.
2345.,1141032.
2346.,1139487.
2347.,1139925.
2348.,1140082.
2349.,1138404.
2350.,1137558.
2351.,1139618.
2352.,1139434.
2353.,1139440.
2354.,1138986.
2355.,1138734.
2356.,1137905.
2357.,1139826.
2358.,1139482.
2359.,1138186.
2360.,1138673.
2361.,1135909.
2362.,1136887.
2363.,1139349.
2364.,1139701.
2365.,1140257.
2366.,1140971.
2367.,1139077.
2368.,1137700.
2369.,1138731.
2370.,1138866.
2371.,1140221.
2372.,1138853.
2373.,1138516.
2374.,1139332.
2375.,1137475.
2376.,1137665.
2377.,1139823.
2378.,1136675.
2379.,1140101.
2380.,1140442.
2381.,1137304.
2382.,1138601.
2383.,1141126.
2384.,1138607.
2385.,1141883.
2386.,1139693.
2387.,1137500.
2388.,1139096.
2389.,1139619.
2390.,1138162.
2391.,1139648.
2392.,1139409.
2393.,1139783.
2394.,1137769.
2395.,1141074.
2396.,1140728.
2397.,1140353.
2398.,1138136.
2399.,1137687.
2400.,1141301.
2401.,1139231.
2402.,1140043.
2403.,1140899.
2404.,1138011.
2405.,1136834.
2406.,1139633.
2407.,1139967.
2408.,1140510.
2409.,1139739.
2410.,1138374.
2411.,1137967.
2412.,1139829.
2413.,1139276.
2414.,1138933.
2415.,1139687.
2416.,1141236.
2417.,1137621.
2418.,1139357.
2419.,1138365.
2420.,1139743.
2421.,1138654.
2422.,1138096.
2423.,1138123.
2424.,1137141.
2425.,1138645.
2426.,1139452.
2427.,1138567.
2428.,1139127.
2429.,1138327.
2430.,1138918.
2431.,1138931.
2432.,1139942.
2433.,1136800.
2434.,1138901.
2435.,1138780.
2436.,1139085.
2437.,1138277.
2438.,1141134.
2439.,1140776.
2440.,1139787.
2441.,1140493.
2442.,1138613.
2443.,1139566.
2444.,1138898.
2445.,1139404.
2446.,1139769.
2447.,1140009.
2448.,1137615.
2449.,1139604.
2450.,1141022.
2451.,1138762.
2452.,1140884.
2453.,1138620.
2454.,1141776.
2455.,1139752.
2456.,1139300.
2457.,1139802.
2458.,1137682.
2459.,1137015.
2460.,1138575.
2461.,1137283.
2462.,1137948.
2463.,1140171.
2464.,1138532.
2465.,1140176.
2466.,1140802.
2467.,1138397.
2468.,1139266.
2469.,1139975.
2470.,1138805.
2471.,1139367.
2472.,1138947.
2473.,1138043.
2474.,1139830.
2475.,1138929.
2476.,1139172.
2477.,1139143.
2478.,1141162.
2479.,1140619.
2480.,1140068.
2481.,1139546.
2482.,1138976.
2483.,1139621.
2484.,1138676.
2485.,1139276.
2486.,1140201.
2487.,1139900.
2488.,1140120.
2489.,1139156.
2490.,1140153.
2491.,1139505.
2492.,1141199.
2493.,1139168.
2494.,1139774.
2495.,1138250.
2496.,1140225.
2497.,1140232.
2498.,1138399.
2499.,1139383.
2500.,1141152.
2501.,1143296.
2502.,1139705.
2503.,1141806.
2504.,1140986.
2505.,1137655.
2506.,1140396.
2507.,1139676.
2508.,1140644.
2509.,1141395.
2510.,1138848.
2511.,1140442.
2512.,1140055.
2513.,1141345.
2514.,1139435.
2515.,1141448.
2516.,1139721.
2517.,1141370.
2518.,1141666.
2519.,1139720.
2520.,1141035.
2521.,1139429.
2522.,1140950.
2523.,1139573.
2524.,1142048.
2525.,1139250.
2526.,1139632.
2527.,1140970.
2528.,1141962.
2529.,1142640.
2530.,1141498.
2531.,1140874.
2532.,1139421.
2533.,1141525.
2534.,1139612.
2535.,1142014.
2536.,1142993.
2537.,1139498.
2538.,1141748.
2539.,1141986.
2540.,1141416.
2541.,1142581.
2542.,1143738.
2543.,1142869.
2544.,1143154.
2545.,1142285.
2546.,1143922.
2547.,1143256.
2548.,1143049.
2549.,1144224.
2550.,1144086.
2551.,1144289.
2552.,1143937.
2553.,1143384.
2554.,1144702.
2555.,1145966.
2556.,1143266.
2557.,1144158.
2558.,1145708.
2559.,1147885.
2560.,1147518.
2561.,1146345.
2562.,1146483.
2563.,1146253.
2564.,1146869.
2565.,1148535.
2566.,1148430.
2567.,1146450.
2568.,1145616.
2569.,1147597.
2570.,1148921.
2571.,1147076.
2572.,1150115.
2573.,1149359.
2574.,1146981.
2575.,1146666.
2576.,1149138.
2577.,1147606.
2578.,1149287.
2579.,1147134.
2580.,1147977.
2581.,1147683.
2582.,1147197.
2583.,1148384.
2584.,1147003.
2585.,1149578.
2586.,1147772.
2587.,1148173.
2588.,1147462.
2589.,1148811.
2590.,1147546.
2591.,1146435.
2592.,1149675.
2593.,1147097.
2594.,1149361.
2595.,1148769.
2596.,1148600.
2597.,1148928.
2598.,1150022.
2599.,1148806.
2600.,1147403.
2601.,1150301.
2602.,1151367.
2603.,1149704.
2604.,1148267.
2605.,1151136.
2606.,1147751.
2607.,1147951.
2608.,1148063.
2609.,1149486.
2610.,1148386.
2611.,1148579.
2612.,1148725.
2613.,1149841.
2614.,1150188.
2615.,1150094.
2616.,1149420.
2617.,1152754.
2618.,1150894.
2619.,1150016.
2620.,1150549.
2621.,1148559.
2622.,1152648.
2623.,1152293.
2624.,1153246.
2625.,1152544.
2626.,1153804.
2627.,1151659.
2628.,1153748.
2629.,1153127.
2630.,1153913.
2631.,1153770.
2632.,1153312.
2633.,1154122.
2634.,1155248.
2635.,1153079.
2636.,1154803.
2637.,1155620.
2638.,1156243.
2639.,1154720.
2640.,1155310.
2641.,1157634.
2642.,1155725.
2643.,1155443.
2644.,1155124.
2645.,1157028.
2646.,1159830.
2647.,1158123.
2648.,1158311.
2649.,1157882.
2650.,1157458.
2651.,1160572.
2652.,1158897.
2653.,1160164.
2654.,1160076.
2655.,1160594.
2656.,1161868.
2657.,1162424.
2658.,1162769.
2659.,1164338.
2660.,1162280.
2661.,1163917.
2662.,1162483.
2663.,1162261.
2664.,1164284.
2665.,1164825.
2666.,1166444.
2667.,1166035.
2668.,1167086.
2669.,1165900.
2670.,1166827.
2671.,1168100.
2672.,1169226.
2673.,1170313.
2674.,1172846.
2675.,1172200.
2676.,1170957.
2677.,1173406.
2678.,1172799.
2679.,1175789.
2680.,1175814.
2681.,1174711.
2682.,1176453.
2683.,1178248.
2684.,1177987.
2685.,1180101.
2686.,1180600.
2687.,1183444.
2688.,1182893.
2689.,1183241.
2690.,1185221.
2691.,1185464.
2692.,1186053.
2693.,1188439.
2694.,1190104.
2695.,1192203.
2696.,1191829.
2697.,1190690.
2698.,1190990.
2699.,1192128.
2700.,1192571.
2701.,1193627.
2702.,1192880.
2703.,1193210.
2704.,1193182.
2705.,1191898.
2706.,1192084.
2707.,1192725.
2708.,1191181.
2709.,1190647.
2710.,1188503.
2711.,1188881.
2712.,1189063.
2713.,1188607.
2714.,1187351.
2715.,1186077.
2716.,1184627.
2717.,1185335.
2718.,1184961.
2719.,1183618.
2720.,1184153.
2721.,1180834.
2722.,1181520.
2723.,1180174.
2724.,1177916.
2725.,1179845.
2726.,1176050.
2727.,1179337.
2728.,1174133.
2729.,1174410.
2730.,1175102.
2731.,1172528.
2732.,1174082.
2733.,1172433.
2734.,1172077.
2735.,1170337.
2736.,1170234.
2737.,1169472.
2738.,1172220.
2739.,1170314.
2740.,1170097.
2741.,1168634.
2742.,1167909.
2743.,1168154.
2744.,1166823.
2745.,1168375.
2746.,1166646.
2747.,1166387.
2748.,1166070.
2749.,1164754.
2750.,1163582.
2751.,1162588.
2752.,1165147.
2753.,1164607.
2754.,1165219.
2755.,1163254.
2756.,1165924.
2757.,1165576.
2758.,1163790.
2759.,1165999.
2760.,1162669.
2761.,1163713.
2762.,1163107.
2763.,1164298.
2764.,1163602.
2765.,1165233.
2766.,1163469.
2767.,1163168.
2768.,1161947.
2769.,1165362.
2770.,1163068.
2771.,1163720.
2772.,1164171.
2773.,1162739.
2774.,1164269.
2775.,1163687.
2776.,1163091.
2777.,1163013.
2778.,1162574.
2779.,1163558.
2780.,1161898.
2781.,1161571.
2782.,1164233.
2783.,1163095.
2784.,1161576.
2785.,1163280.
2786.,1165674.
2787.,1164053.
2788.,1162441.
2789.,1163352.
2790.,1163580.
2791.,1165022.
2792.,1164554.
2793.,1164167.
2794.,1162152.
2795.,1162476.
2796.,1163978.
2797.,1161634.
2798.,1163522.
2799.,1164227.
2800.,1162183.
2801.,1161225.
2802.,1161766.
2803.,1161734.
2804.,1162708.
2805.,1159324.
2806.,1160164.
2807.,1160806.
2808.,1160858.
2809.,1160350.
2810.,1161303.
2811.,1162461.
2812.,1162541.
2813.,1161915.
2814.,1161797.
2815.,1163162.
2816.,1162854.
2817.,1164103.
2818.,1163754.
2819.,1164092.
2820.,1162152.
2821.,1164402.
2822.,1165400.
2823.,1164406.
2824.,1163904.
2825.,1166990.
2826.,1164518.
2827.,1163431.
2828.,1165678.
2829.,1165307.
2830.,1166020.
2831.,1167192.
2832.,1168090.
2833.,1166987.
2834.,1166502.
2835.,1169227.
2836.,1165055.
2837.,1164530.
2838.,1166188.
2839.,1169700.
2840.,1167539.
2841.,1169812.
2842.,1167387.
2843.,1166796.
2844.,1170123.
2845.,1170084.
2846.,1169548.
2847.,1169823.
2848.,1171444.
2849.,1170041.
2850.,1169895.
2851.,1170928.
2852.,1170405.
2853.,1174000.
2854.,1171615.
2855.,1169734.
2856.,1170697.
2857.,1171850.
2858.,1172675.
2859.,1173100.
2860.,1171382.
2861.,1172301.
2862.,1173410.
2863.,1173100.
2864.,1174042.
2865.,1173563.
2866.,1176386.
2867.,1173603.
2868.,1174873.
2869.,1175184.
2870.,1175232.
2871.,1176010.
2872.,1176471.
2873.,1178837.
2874.,1177959.
2875.,1179832.
2876.,1179904.
2877.,1182102.
2878.,1183268.
2879.,1182770.
2880.,1184220.
2881.,1184587.
2882.,1185355.
2883.,1186911.
2884.,1190441.
2885.,1189991.
2886.,1188961.
2887.,1190737.
2888.,1192864.
2889.,1194415.
2890.,1194817.
2891.,1195045.
2892.,1197171.
2893.,1201025.
2894.,1198831.
2895.,1202821.
2896.,1201839.
2897.,1202376.
2898.,1206763.
2899.,1207283.
2900.,1208590.
2901.,1208449.
2902.,1210437.
2903.,1212778.
2904.,1216552.
2905.,1214804.
2906.,1217295.
2907.,1219481.
2908.,1218838.
2909.,1222167.
2910.,1223687.
2911.,1223051.
2912.,1224941.
2913.,1225436.
2914.,1227665.
2915.,1229573.
2916.,1232576.
2917.,1231796.
2918.,1233862.
2919.,1234316.
2920.,1235445.
2921.,1236713.
2922.,1235981.
2923.,1237810.
2924.,1236550.
2925.,1237554.
2926.,1237696.
2927.,1238407.
2928.,1239877.
2929.,1236887.
2930.,1239943.
2931.,1240269.
2932.,1239121.
2933.,1238718.
2934.,1237591.
2935.,1239354.
2936.,1237732.
2937.,1241066.
2938.,1240983.
2939.,1239457.
2940.,1241408.
2941.,1242568.
2942.,1241415.
2943.,1242674.
2944.,1243262.
2945.,1244130.
2946.,1244856.
2947.,1244149.
2948.,1249715.
2949.,1246357.
2950.,1248159.
2951.,1250272.
2952.,1249746.
2953.,1250410.
2954.,1251845.
2955.,1254855.
2956.,1255752.
2957.,1259328.
2958.,1257863.
2959.,1258563.
2960.,1258810.
2961.,1262458.
2962.,1264059.
2963.,1265812.
2964.,1267573.
2965.,1268721.
2966.,1271275.
2967.,1273585.
2968.,1273514.
2969.,1277761.
2970.,1277822.
2971.,1281631.
2972.,1284089.
2973.,1286804.
2974.,1287721.
2975.,1290654.
2976.,1293441.
2977.,1295788.
2978.,1298307.
2979.,1300761.
2980.,1302048.
2981.,1304487.
2982.,1305383.
2983.,1306443.
2984.,1313623.
2985.,1315749.
2986.,1316368.
2987.,1317615.
2988.,1320863.
2989.,1325625.
2990.,1325371.
2991.,1330457.
2992.,1330572.
2993.,1333752.
2994.,1335413.
2995.,1337262.
2996.,1342540.
2997.,1344825.
2998.,1345800.
2999.,1346560.
3000.,1349084.
3001.,1350074.
3002.,1354566.
3003.,1359212.
3004.,1363717.
3005.,1368581.
3006.,1371069.
3007.,1377255.
3008.,1380500.
3009.,1385202.
3010.,1390944.
3011.,1394219.
3012.,1399695.
3013.,1403794.
3014.,1408454.
3015.,1414496.
3016.,1418600.
3017.,1424481.
3018.,1428437.
3019.,1436283.
3020.,1440565.
3021.,1450318.
3022.,1458199.
3023.,1462958.
3024.,1471070.
3025.,1478922.
3026.,1487673.
3027.,1496188.
3028.,1504676.
3029.,1513450.
3030.,1522281.
3031.,1532702.
3032.,1542915.
3033.,1559361.
3034.,1568583.
3035.,1581002.
3036.,1592322.
3037.,1607055.
3038.,1618052.
3039.,1628818.
3040.,1642907.
3041.,1651090.
3042.,1661553.
3043.,1671348.
3044.,1678743.
3045.,1693670.
3046.,1702922.
3047.,1706444.
3048.,1709428.
3049.,1707802.
3050.,1699666.
3051.,1688927.
3052.,1679503.
3053.,1671942.
3054.,1658101.
3055.,1648745.
3056.,1637006.
3057.,1624050.
3058.,1610747.
3059.,1602645.
3060.,1588073.
3061.,1576746.
3062.,1566917.
3063.,1554807.
3064.,1546132.
3065.,1534967.
3066.,1526324.
3067.,1514025.
3068.,1503171.
3069.,1492280.
3070.,1485898.
3071.,1477303.
3072.,1469138.
3073.,1463168.
3074.,1453460.
3075.,1447371.
3076.,1441976.
3077.,1437247.
3078.,1428406.
3079.,1423848.
3080.,1417690.
3081.,1413515.
3082.,1406071.
3083.,1399270.
3084.,1397233.
3085.,1391853.
3086.,1386772.
3087.,1383478.
3088.,1378265.
3089.,1375874.
3090.,1370245.
3091.,1367656.
3092.,1364520.
3093.,1359403.
3094.,1355804.
3095.,1354314.
3096.,1350373.
3097.,1348458.
3098.,1345230.
3099.,1342810.
3100.,1340405.
3101.,1337858.
3102.,1334132.
3103.,1333920.
3104.,1330441.
3105.,1330406.
3106.,1324866.
3107.,1324639.
3108.,1322340.
3109.,1317675.
3110.,1318382.
3111.,1313188.
3112.,1311978.
3113.,1309752.
3114.,1307223.
3115.,1302883.
3116.,1303236.
3117.,1299734.
3118.,1296856.
3119.,1293949.
3120.,1293723.
3121.,1288540.
3122.,1287509.
3123.,1284476.
3124.,1282844.
3125.,1278588.
3126.,1279031.
3127.,1273480.
3128.,1271602.
3129.,1272688.
3130.,1270712.
3131.,1266904.
3132.,1267040.
3133.,1264959.
3134.,1262167.
3135.,1262016.
3136.,1258464.
3137.,1258519.
3138.,1258018.
3139.,1255047.
3140.,1256261.
3141.,1252611.
3142.,1250783.
3143.,1250151.
3144.,1249609.
3145.,1250518.
3146.,1247468.
3147.,1246063.
3148.,1246356.
3149.,1244707.
3150.,1242534.
3151.,1244461.
3152.,1245982.
3153.,1243385.
3154.,1242473.
3155.,1241679.
3156.,1243156.
3157.,1240712.
3158.,1238622.
3159.,1242211.
3160.,1239023.
3161.,1238660.
3162.,1240821.
3163.,1239377.
3164.,1239784.
3165.,1239146.
3166.,1239895.
3167.,1238408.
3168.,1238017.
3169.,1237515.
3170.,1239776.
3171.,1236329.
3172.,1234543.
3173.,1237051.
3174.,1235659.
3175.,1235898.
3176.,1233368.
3177.,1231276.
3178.,1231306.
3179.,1231762.
3180.,1229372.
3181.,1228386.
3182.,1227484.
3183.,1225562.
3184.,1225323.
3185.,1221960.
3186.,1221387.
3187.,1218629.
3188.,1218599.
3189.,1215793.
3190.,1214439.
3191.,1210990.
3192.,1210088.
3193.,1207497.
3194.,1208030.
3195.,1206672.
3196.,1205091.
3197.,1204332.
3198.,1201596.
3199.,1201110.
3200.,1200207.
3201.,1199328.
3202.,1196397.
3203.,1196131.
3204.,1194230.
3205.,1192221.
3206.,1192428.
3207.,1189554.
3208.,1189651.
3209.,1189663.
3210.,1187680.
3211.,1187244.
3212.,1185584.
3213.,1185032.
3214.,1184785.
3215.,1182929.
3216.,1182407.
3217.,1180784.
3218.,1180875.
3219.,1181841.
3220.,1178943.
3221.,1178906.
3222.,1177675.
3223.,1176463.
3224.,1176541.
3225.,1174834.
3226.,1175126.
3227.,1176707.
3228.,1174731.
3229.,1173483.
3230.,1175522.
3231.,1173931.
3232.,1174137.
3233.,1173439.
3234.,1173338.
3235.,1171428.
3236.,1172076.
3237.,1171696.
3238.,1172278.
3239.,1171515.
3240.,1171024.
3241.,1171355.
3242.,1170692.
3243.,1166465.
3244.,1168431.
3245.,1165867.
3246.,1168030.
3247.,1167278.
3248.,1167990.
3249.,1166252.
3250.,1167352.
3251.,1168518.
3252.,1167911.
3253.,1166953.
3254.,1168435.
3255.,1167757.
3256.,1165851.
3257.,1167126.
3258.,1167722.
3259.,1165918.
3260.,1167249.
3261.,1165582.
3262.,1166676.
3263.,1166076.
3264.,1167409.
3265.,1165484.
3266.,1165948.
3267.,1165515.
3268.,1164435.
3269.,1162214.
3270.,1163077.
3271.,1163491.
3272.,1163125.
3273.,1164857.
3274.,1162924.
3275.,1164396.
3276.,1162056.
3277.,1163208.
3278.,1161883.
3279.,1161056.
3280.,1161773.
3281.,1161192.
3282.,1161511.
3283.,1161681.
3284.,1160149.
3285.,1159991.
3286.,1162246.
3287.,1161480.
3288.,1160959.
3289.,1158561.
3290.,1162480.
3291.,1159498.
3292.,1158689.
3293.,1160398.
3294.,1158324.
3295.,1159440.
3296.,1159574.
3297.,1160454.
3298.,1158067.
3299.,1160561.
3300.,1160838.
3301.,1159681.
3302.,1160101.
3303.,1158779.
3304.,1159414.
3305.,1161027.
3306.,1157993.
3307.,1160273.
3308.,1160926.
3309.,1160397.
3310.,1160241.
3311.,1160433.
3312.,1159335.
3313.,1161561.
3314.,1159714.
3315.,1157891.
3316.,1158755.
3317.,1157438.
3318.,1161110.
3319.,1160126.
3320.,1157967.
3321.,1159301.
3322.,1158420.
3323.,1159560.
3324.,1159135.
3325.,1159379.
3326.,1158986.
3327.,1159898.
3328.,1159944.
3329.,1160557.
3330.,1159276.
3331.,1160245.
3332.,1159354.
3333.,1160489.
3334.,1158954.
3335.,1159678.
3336.,1158583.
3337.,1159302.
3338.,1160077.
3339.,1158849.
3340.,1158200.
3341.,1158787.
3342.,1161183.
3343.,1159260.
3344.,1159613.
3345.,1159549.
3346.,1159964.
3347.,1159959.
3348.,1161264.
3349.,1160317.
3350.,1161063.
3351.,1158600.
3352.,1162421.
3353.,1158133.
3354.,1162064.
3355.,1163816.
3356.,1161908.
3357.,1162544.
3358.,1164020.
3359.,1162875.
3360.,1162407.
3361.,1162126.
3362.,1165124.
3363.,1165796.
3364.,1165360.
3365.,1166068.
3366.,1167015.
3367.,1165929.
3368.,1167168.
3369.,1168517.
3370.,1166595.
3371.,1167936.
3372.,1168063.
3373.,1170594.
3374.,1172222.
3375.,1169710.
3376.,1170224.
3377.,1172580.
3378.,1173628.
3379.,1171886.
3380.,1171666.
3381.,1176242.
3382.,1173799.
3383.,1175800.
3384.,1177949.
3385.,1175851.
3386.,1176676.
3387.,1176939.
3388.,1179232.
3389.,1175392.
3390.,1177343.
3391.,1177664.
3392.,1176630.
3393.,1178889.
3394.,1177068.
3395.,1177607.
3396.,1176627.
3397.,1177995.
3398.,1175578.
3399.,1173926.
3400.,1174400.
3401.,1173823.
3402.,1174804.
3403.,1174284.
3404.,1175347.
3405.,1173220.
3406.,1170172.
3407.,1170586.
3408.,1170321.
3409.,1168331.
3410.,1168823.
3411.,1168116.
3412.,1167168.
3413.,1167459.
3414.,1166678.
3415.,1166066.
3416.,1164993.
3417.,1164217.
3418.,1165478.
3419.,1162999.
3420.,1164728.
3421.,1164029.
3422.,1158942.
3423.,1161065.
3424.,1160239.
3425.,1159495.
3426.,1158419.
3427.,1161699.
3428.,1158148.
3429.,1156560.
3430.,1157945.
3431.,1158557.
3432.,1157957.
3433.,1157577.
3434.,1156332.
3435.,1156997.
3436.,1157050.
3437.,1155289.
3438.,1155631.
3439.,1156398.
3440.,1154435.
3441.,1155956.
3442.,1153038.
3443.,1155368.
3444.,1153814.
3445.,1152896.
3446.,1152333.
3447.,1152990.
3448.,1153420.
3449.,1151949.
3450.,1151076.
3451.,1149963.
3452.,1150553.
3453.,1149253.
3454.,1149839.
3455.,1151416.
3456.,1151389.
3457.,1147938.
3458.,1148512.
3459.,1150281.
3460.,1147125.
3461.,1149502.
3462.,1147075.
3463.,1148560.
3464.,1148113.
3465.,1148115.
3466.,1146594.
3467.,1147775.
3468.,1148055.
3469.,1147313.
3470.,1146160.
3471.,1146625.
3472.,1146475.
3473.,1145972.
3474.,1146737.
3475.,1144777.
3476.,1147384.
3477.,1145839.
3478.,1145444.
3479.,1145127.
3480.,1145336.
3481.,1146142.
3482.,1146154.
3483.,1145503.
3484.,1145247.
3485.,1146623.
3486.,1143805.
3487.,1146464.
3488.,1142953.
3489.,1144407.
3490.,1144719.
3491.,1145790.
3492.,1145629.
3493.,1145290.
3494.,1143839.
3495.,1146510.
3496.,1144845.
3497.,1145600.
3498.,1145981.
3499.,1143152.
3500.,1142273.
3501.,1144377.
3502.,1144099.
3503.,1143457.
3504.,1145443.
3505.,1144360.
3506.,1143576.
3507.,1144824.
3508.,1146107.
3509.,1145362.
3510.,1142712.
3511.,1145222.
3512.,1142648.
3513.,1142275.
3514.,1142894.
3515.,1143378.
3516.,1144364.
3517.,1142762.
3518.,1144015.
3519.,1142208.
3520.,1143245.
3521.,1142830.
3522.,1143322.
3523.,1144617.
3524.,1143391.
3525.,1142027.
3526.,1143300.
3527.,1143968.
3528.,1141673.
3529.,1142786.
3530.,1143546.
3531.,1141504.
3532.,1142608.
3533.,1142315.
3534.,1140258.
3535.,1142942.
3536.,1140964.
3537.,1141896.
3538.,1140861.
3539.,1143737.
3540.,1140532.
3541.,1142942.
3542.,1142032.
3543.,1141419.
3544.,1141961.
3545.,1141198.
3546.,1140564.
3547.,1140867.
3548.,1142572.
3549.,1141887.
3550.,1141376.
3551.,1141719.
3552.,1141824.
3553.,1141243.
3554.,1139919.
3555.,1140390.
3556.,1140153.
3557.,1138444.
3558.,1142662.
3559.,1140354.
3560.,1140230.
3561.,1138226.
3562.,1139834.
3563.,1139518.
3564.,1138887.
3565.,1140403.
3566.,1141182.
3567.,1139610.
3568.,1138949.
3569.,1138507.
3570.,1140561.
3571.,1140660.
3572.,1139369.
3573.,1137710.
3574.,1137022.
3575.,1138575.
3576.,1137685.
3577.,1139451.
3578.,1138557.
3579.,1138558.
3580.,1140898.
3581.,1138241.
3582.,1138709.
3583.,1139877.
3584.,1137623.
3585.,1140291.
3586.,1138348.
3587.,1138954.
3588.,1138921.
3589.,1138167.
3590.,1139096.
3591.,1137880.
3592.,1141292.
3593.,1139215.
3594.,1138970.
3595.,1140015.
3596.,1140201.
3597.,1140792.
3598.,1138162.
3599.,1138540.
3600.,1138751.
3601.,1139068.
3602.,1138825.
3603.,1137711.
3604.,1137223.
3605.,1137020.
3606.,1138043.
3607.,1138319.
3608.,1139375.
3609.,1137160.
3610.,1136258.
3611.,1137863.
3612.,1137597.
3613.,1139006.
3614.,1139048.
3615.,1139244.
3616.,1140620.
3617.,1137917.
3618.,1137289.
3619.,1136832.
3620.,1140435.
3621.,1138953.
3622.,1137784.
3623.,1139124.
3624.,1138923.
3625.,1137780.
3626.,1139975.
3627.,1136589.
3628.,1138561.
3629.,1137977.
3630.,1139545.
3631.,1138869.
3632.,1139282.
3633.,1137842.
3634.,1138055.
3635.,1139235.
3636.,1140056.
3637.,1139296.
3638.,1138897.
3639.,1140375.
3640.,1138811.
3641.,1138258.
3642.,1138765.
3643.,1137540.
3644.,1137463.
3645.,1140239.
3646.,1138114.
3647.,1138007.
3648.,1138308.
3649.,1137197.
3650.,1138096.
3651.,1139002.
3652.,1140327.
3653.,1140254.
3654.,1137953.
3655.,1138759.
3656.,1137922.
3657.,1138539.
3658.,1140766.
3659.,1139132.
3660.,1139594.
3661.,1138289.
3662.,1138553.
3663.,1138675.
3664.,1137816.
3665.,1138622.
3666.,1139535.
3667.,1139968.
3668.,1137659.
3669.,1138363.
3670.,1139267.
3671.,1138724.
3672.,1138587.
3673.,1138929.
3674.,1137738.
3675.,1137026.
3676.,1138317.
3677.,1138431.
3678.,1137846.
3679.,1137098.
3680.,1139205.
3681.,1138068.
3682.,1139964.
3683.,1139485.
3684.,1135559.
3685.,1140270.
3686.,1138653.
3687.,1139416.
3688.,1138266.
3689.,1138484.
3690.,1138377.
3691.,1139387.
3692.,1140149.
3693.,1139834.
3694.,1138958.
3695.,1137430.
3696.,1138276.
3697.,1139626.
3698.,1139045.
3699.,1138229.
3700.,1138943.
3701.,1137153.
3702.,1139460.
3703.,1138057.
3704.,1140281.
3705.,1138626.
3706.,1140162.
3707.,1138122.
3708.,1137334.
3709.,1140488.
3710.,1137279.
3711.,1137488.
3712.,1140225.
3713.,1141536.
3714.,1138966.
3715.,1140225.
3716.,1138893.
3717.,1140186.
3718.,1139609.
3719.,1140211.
3720.,1137132.
3721.,1138470.
3722.,1138093.
3723.,1138234.
3724.,1140369.
3725.,1140546.
3726.,1139605.
3727.,1140312.
3728.,1140464.
3729.,1138226.
3730.,1139613.
3731.,1141695.
3732.,1139019.
3733.,1139670.
3734.,1139455.
3735.,1138357.
3736.,1138924.
3737.,1139466.
3738.,1136560.
3739.,1138285.
3740.,1139311.
3741.,1140468.
3742.,1138780.
3743.,1137736.
3744.,1139243.
3745.,1139359.
3746.,1138685.
3747.,1139137.
3748.,1140549.
3749.,1138987.
3750.,1139209.
3751.,1137558.
3752.,1138512.
3753.,1139700.
3754.,1140944.
3755.,1138822.
3756.,1139473.
3757.,1139638.
3758.,1140890.
3759.,1139496.
3760.,1139122.
3761.,1140386.
3762.,1138322.
3763.,1138948.
3764.,1140952.
3765.,1138769.
3766.,1141284.
3767.,1140761.
3768.,1139816.
3769.,1139948.
3770.,1139233.
3771.,1139646.
3772.,1139364.
3773.,1140754.
3774.,1137865.
3775.,1136413.
3776.,1137802.
3777.,1139479.
3778.,1139369.
3779.,1138637.
3780.,1141130.
3781.,1138254.
3782.,1141058.
3783.,1139886.
3784.,1140934.
3785.,1139073.
3786.,1139334.
3787.,1140019.
3788.,1141157.
3789.,1140530.
3790.,1139777.
3791.,1139872.
3792.,1140300.
3793.,1141468.
3794.,1140077.
3795.,1139806.
3796.,1139104.
3797.,1141067.
3798.,1139579.
3799.,1139630.
3800.,1141229.
3801.,1141389.
3802.,1139591.
3803.,1139824.
3804.,1140672.
3805.,1138320.
3806.,1139001.
3807.,1140742.
3808.,1138483.
3809.,1140609.
3810.,1142029.
3811.,1139194.
3812.,1141319.
3813.,1140600.
3814.,1141020.
3815.,1140562.
3816.,1138120.
3817.,1140924.
3818.,1139022.
3819.,1140650.
3820.,1139788.
3821.,1142806.
3822.,1140566.
3823.,1141888.
3824.,1141040.
3825.,1141147.
3826.,1138995.
3827.,1140482.
3828.,1138138.
3829.,1140168.
3830.,1141571.
3831.,1140978.
3832.,1140643.
3833.,1139160.
3834.,1140966.
3835.,1138941.
3836.,1140590.
3837.,1140384.
3838.,1139629.
3839.,1141683.
3840.,1140068.
3841.,1140393.
3842.,1140554.
3843.,1140072.
3844.,1139363.
3845.,1140225.
3846.,1141174.
3847.,1140792.
3848.,1139438.
3849.,1140794.
3850.,1140704.
3851.,1139888.
3852.,1138806.
3853.,1141571.
3854.,1139917.
3855.,1140157.
3856.,1140583.
3857.,1139776.
3858.,1142974.
3859.,1140471.
3860.,1141842.
3861.,1142052.
3862.,1141933.
3863.,1138773.
3864.,1139676.
3865.,1139890.
3866.,1140760.
3867.,1141944.
3868.,1140402.
3869.,1139859.
3870.,1141690.
3871.,1139040.
3872.,1139640.
3873.,1140005.
3874.,1140027.
3875.,1139490.
3876.,1141032.
3877.,1140855.
3878.,1140739.
3879.,1142041.
3880.,1141969.
3881.,1141354.
3882.,1139052.
3883.,1140639.
3884.,1140575.
3885.,1141615.
3886.,1139822.
3887.,1142178.
3888.,1140706.
3889.,1142258.
3890.,1141764.
3891.,1141029.
3892.,1141185.
3893.,1140964.
3894.,1142185.
3895.,1140803.
3896.,1140862.
3897.,1139500.
3898.,1139580.
3899.,1139268.
3900.,1141641.
3901.,1141919.
3902.,1141469.
3903.,1140940.
3904.,1140966.
3905.,1141024.
3906.,1140541.
3907.,1141675.
3908.,1140941.
3909.,1139808.
3910.,1140617.
3911.,1139307.
3912.,1142145.
3913.,1140629.
3914.,1140503.
3915.,1141791.
3916.,1139397.
3917.,1141136.
3918.,1142036.
3919.,1139834.
3920.,1140911.
3921.,1140952.
3922.,1140099.
3923.,1141478.
3924.,1140987.
3925.,1140917.
3926.,1139342.
3927.,1142262.
3928.,1142468.
3929.,1140619.
3930.,1141644.
3931.,1140022.
3932.,1142000.
3933.,1139967.
3934.,1139913.
3935.,1141251.
3936.,1140936.
3937.,1140949.
3938.,1141437.
3939.,1142369.
3940.,1142387.
3941.,1139126.
3942.,1140642.
3943.,1140835.
3944.,1140877.
3945.,1140500.
3946.,1140845.
3947.,1142283.
3948.,1140425.
3949.,1140732.
3950.,1139748.
3951.,1142260.
3952.,1142097.
3953.,1139836.
3954.,1140871.
3955.,1139664.
3956.,1139928.
3957.,1140651.
3958.,1140494.
3959.,1141369.
3960.,1140493.
3961.,1140595.
3962.,1142233.
3963.,1141902.
3964.,1142163.
3965.,1138985.
3966.,1142116.
3967.,1139892.
3968.,1139113.
3969.,1140105.
3970.,1141204.
3971.,1142805.
3972.,1140102.
3973.,1142105.
3974.,1139952.
3975.,1141897.
3976.,1142492.
3977.,1141081.
3978.,1141605.
3979.,1143284.
3980.,1141538.
3981.,1141040.
3982.,1141014.
3983.,1140774.
3984.,1142434.
3985.,1141682.
3986.,1141284.
3987.,1140048.
3988.,1140425.
3989.,1141942.
3990.,1140237.
3991.,1140868.
3992.,1140548.
3993.,1140840.
3994.,1141244.
3995.,1141257.
3996.,1141243.
3997.,1139358.
3998.,1141676.
3999.,1140116.
4000.,1142917.
4001.,1140063.
4002.,1138870.
4003.,1141843.
4004.,1142247.
4005.,1142041.
4006.,1141329.
4007.,1142029.
4008.,1142524.
4009.,1140869.
4010.,1141070.
4011.,1141020.
4012.,1142211.
4013.,1141711.
4014.,1140123.
4015.,1141175.
4016.,1141520.
4017.,1140412.
4018.,1140062.
4019.,1142484.
4020.,1141991.
4021.,1139981.
4022.,1141231.
4023.,1142463.
4024.,1140860.
4025.,1142743.
4026.,1139899.
4027.,1141606.
4028.,1140642.
4029.,1139298.
4030.,1142902.
4031.,1141893.
4032.,1141350.
4033.,1143550.
4034.,1142027.
4035.,1141802.
4036.,1142520.
4037.,1142252.
4038.,1140589.
4039.,1141473.
4040.,1140976.
4041.,1141169.
4042.,1141891.
4043.,1140754.
4044.,1142241.
4045.,1142905.
4046.,1142182.
4047.,1140317.
4048.,1141465.
4049.,1141009.
4050.,1141260.
4051.,1139796.
4052.,1143399.
4053.,1140497.
4054.,1142236.
4055.,1141656.
4056.,1142503.
4057.,1141813.
4058.,1140737.
4059.,1140785.
4060.,1142167.
4061.,1140729.
4062.,1142048.
4063.,1141671.
4064.,1139819.
4065.,1141400.
4066.,1141287.
4067.,1141860.
4068.,1141667.
4069.,1140479.
4070.,1140287.
4071.,1139485.
4072.,1142668.
4073.,1143108.
4074.,1140644.
4075.,1141258.
4076.,1142175.
4077.,1143220.
4078.,1140956.
4079.,1140250.
4080.,1141226.
4081.,1142828.
4082.,1144319.
4083.,1140853.
4084.,1140942.
4085.,1140700.
4086.,1139855.
4087.,1140886.
4088.,1139544.
4089.,1142290.
4090.,1142198.
4091.,1140702.
4092.,1140447.
4093.,1140613.
4094.,1141828.
4095.,1142619.
4096.,1140675.
4097.,1141072.
4098.,1141620.
4099.,1140841.
4100.,1141819.
4101.,1141412.
4102.,1142480.
4103.,1141131.
4104.,1141224.
4105.,1141164.
4106.,1140567.
4107.,1142315.
4108.,1141290.
4109.,1139382.
4110.,1141303.
4111.,1142851.
4112.,1141412.
4113.,1141606.
4114.,1142589.
4115.,1143165.
4116.,1139025.
4117.,1142705.
4118.,1142330.
4119.,1143459.
4120.,1141398.
4121.,1141161.
4122.,1141835.
4123.,1142400.
4124.,1141501.
4125.,1140513.
4126.,1141463.
4127.,1139929.
4128.,1142883.
4129.,1141894.
4130.,1140747.
4131.,1142029.
4132.,1142002.
4133.,1139698.
4134.,1140791.
4135.,1139699.
4136.,1141440.
4137.,1140364.
4138.,1141174.
4139.,1141901.
4140.,1141587.
4141.,1141226.
4142.,1140298.
4143.,1141632.
4144.,1140884.
4145.,1142765.
4146.,1141460.
4147.,1140639.
4148.,1143905.
4149.,1140392.
4150.,1142519.
4151.,1142556.
4152.,1142042.
4153.,1140386.
4154.,1141419.
4155.,1143632.
4156.,1142174.
4157.,1142539.
4158.,1140320.
4159.,1140049.
4160.,1142592.
4161.,1139137.
4162.,1141965.
4163.,1141360.
4164.,1142016.
4165.,1140686.
4166.,1143413.
4167.,1141866.
4168.,1140340.
4169.,1141730.
4170.,1140635.
4171.,1141523.
4172.,1141903.
4173.,1141162.
4174.,1141874.
4175.,1141773.
4176.,1140099.
4177.,1143220.
4178.,1141533.
4179.,1142790.
4180.,1140459.
4181.,1140257.
4182.,1142550.
4183.,1141551.
4184.,1141758.
4185.,1140849.
4186.,1140468.
4187.,1141221.
4188.,1141139.
4189.,1141257.
4190.,1139893.
4191.,1142298.
4192.,1141113.
4193.,1139220.
4194.,1141877.
4195.,1140284.
4196.,1141095.
4197.,1139026.
4198.,1143697.
4199.,1140447.
4200.,1140848.
4201.,1142281.
4202.,1140676.
4203.,1141490.
4204.,1142333.
4205.,1142326.
4206.,1141546.
4207.,1140547.
4208.,1142613.
4209.,1140045.
4210.,1140623.
4211.,1140911.
4212.,1140757.
4213.,1140801.
4214.,1140688.
4215.,1142007.
4216.,1141745.
4217.,1140811.
4218.,1141085.
4219.,1142408.
4220.,1141721.
4221.,1141591.
4222.,1142544.
4223.,1141736.
4224.,1142051.
4225.,1140396.
4226.,1142047.
4227.,1139965.
4228.,1143969.
4229.,1141349.
4230.,1141307.
4231.,1141196.
4232.,1143057.
4233.,1143916.
4234.,1141235.
4235.,1142737.
4236.,1141903.
4237.,1142081.
4238.,1141673.
4239.,1142047.
4240.,1140614.
4241.,1139253.
4242.,1140802.
4243.,1140990.
4244.,1141871.
4245.,1142625.
4246.,1142258.
4247.,1141442.
4248.,1141092.
4249.,1142440.
4250.,1140556.
4251.,1142437.
4252.,1143267.
4253.,1144056.
4254.,1141681.
4255.,1141259.
4256.,1141096.
4257.,1140655.
4258.,1140213.
4259.,1142281.
4260.,1141495.
4261.,1140710.
4262.,1141050.
4263.,1141630.
4264.,1138994.
4265.,1140858.
4266.,1142104.
4267.,1142043.
4268.,1142144.
4269.,1141714.
4270.,1142295.
4271.,1142584.
4272.,1142925.
4273.,1141421.
4274.,1141356.
4275.,1139258.
4276.,1142593.
4277.,1141959.
4278.,1141187.
4279.,1140461.
4280.,1141111.
4281.,1141142.
4282.,1141199.
4283.,1143688.
4284.,1140152.
4285.,1143012.
4286.,1142660.
4287.,1141137.
4288.,1141197.
4289.,1141827.
4290.,1140482.
4291.,1140631.
4292.,1141791.
4293.,1141250.
4294.,1141661.
4295.,1141412.
4296.,1142724.
4297.,1141253.
4298.,1141163.
4299.,1141115.
4300.,1141003.
4301.,1141584.
4302.,1140468.
4303.,1142383.
4304.,1141888.
4305.,1141333.
4306.,1141883.
4307.,1141781.
4308.,1142376.
4309.,1141627.
4310.,1140240.
4311.,1140348.
4312.,1142880.
4313.,1141399.
4314.,1141577.
4315.,1140957.
4316.,1141680.
4317.,1143843.
4318.,1141473.
4319.,1141851.
4320.,1140796.
4321.,1140421.
4322.,1139557.
4323.,1141133.
4324.,1142847.
4325.,1141645.
4326.,1143248.
4327.,1140964.
4328.,1141509.
4329.,1141776.
4330.,1142402.
4331.,1140487.
4332.,1141439.
4333.,1141689.
4334.,1140650.
4335.,1141143.
4336.,1142372.
4337.,1143063.
4338.,1140567.
4339.,1141627.
4340.,1141224.
4341.,1140881.
4342.,1140380.
4343.,1141915.
4344.,1142051.
4345.,1143833.
4346.,1142433.
4347.,1141493.
4348.,1142020.
4349.,1141610.
4350.,1140353.
4351.,1142784.
4352.,1141392.
4353.,1143011.
4354.,1139533.
4355.,1142767.
4356.,1142655.
4357.,1139318.
4358.,1141492.
4359.,1140262.
4360.,1141010.
4361.,1141433.
4362.,1141280.
4363.,1140692.
4364.,1140816.
4365.,1142957.
4366.,1141530.
4367.,1141561.
4368.,1141713.
4369.,1143030.
4370.,1143981.
4371.,1141929.
4372.,1141184.
4373.,1141607.
4374.,1140405.
4375.,1143023.
4376.,1142460.
4377.,1142910.
4378.,1140960.
4379.,1144294.
4380.,1141328.
4381.,1141799.
4382.,1140183.
4383.,1141178.
4384.,1143189.
4385.,1141370.
4386.,1144184.
4387.,1143524.
4388.,1141959.
4389.,1143551.
4390.,1142881.
4391.,1144992.
4392.,1142206.
4393.,1142616.
4394.,1143070.
4395.,1142320.
4396.,1141616.
4397.,1142615.
4398.,1142047.
4399.,1143099.
4400.,1143080.
4401.,1144237.
4402.,1141105.
4403.,1141169.
4404.,1142058.
4405.,1141242.
4406.,1144743.
4407.,1142607.
4408.,1140504.
4409.,1142732.
4410.,1141587.
4411.,1139995.
4412.,1142632.
4413.,1141496.
4414.,1141604.
4415.,1144366.
4416.,1143162.
4417.,1141908.
4418.,1142551.
4419.,1143271.
4420.,1141997.
4421.,1142114.
4422.,1140834.
4423.,1143856.
4424.,1142990.
4425.,1142719.
4426.,1140990.
4427.,1141520.
4428.,1141209.
4429.,1142766.
4430.,1142182.
4431.,1141456.
4432.,1142249.
4433.,1140139.
4434.,1142721.
4435.,1141413.
4436.,1141543.
4437.,1142566.
4438.,1141053.
4439.,1142584.
4440.,1142103.
4441.,1143102.
4442.,1141238.
4443.,1142462.
4444.,1143373.
4445.,1144087.
4446.,1143355.
4447.,1140765.
4448.,1140832.
4449.,1141248.
4450.,1141142.
4451.,1141078.
4452.,1141123.
4453.,1142368.
4454.,1143629.
4455.,1140265.
4456.,1141778.
4457.,1141432.
4458.,1144211.
4459.,1140819.
4460.,1141480.
4461.,1142405.
4462.,1142562.
4463.,1140704.
4464.,1142128.
4465.,1139953.
4466.,1142498.
4467.,1141102.
4468.,1143017.
4469.,1142242.
4470.,1140896.
4471.,1141395.
4472.,1142325.
4473.,1141209.
4474.,1142549.
4475.,1141143.
4476.,1143293.
4477.,1141162.
4478.,1142393.
4479.,1141654.
4480.,1143326.
4481.,1141102.
4482.,1142304.
4483.,1142608.
4484.,1143135.
4485.,1142431.
4486.,1142519.
4487.,1142247.
4488.,1143994.
4489.,1141083.
4490.,1140226.
4491.,1144130.
4492.,1141625.
4493.,1141561.
4494.,1140995.
4495.,1141754.
4496.,1143435.
4497.,1142943.
4498.,1142396.
4499.,1140300.
4500.,1141741.
4501.,1141898.
4502.,1145226.
4503.,1143723.
4504.,1142255.
4505.,1143235.
4506.,1140968.
4507.,1141367.
4508.,1141841.
4509.,1144459.
4510.,1143195.
4511.,1141519.
4512.,1143171.
4513.,1141578.
4514.,1141844.
4515.,1139067.
4516.,1141185.
4517.,1143573.
4518.,1141666.
4519.,1140539.
4520.,1143067.
4521.,1142621.
4522.,1140937.
4523.,1141898.
4524.,1142191.
4525.,1143480.
4526.,1141635.
4527.,1143088.
4528.,1144663.
4529.,1143815.
4530.,1143533.
4531.,1142395.
4532.,1141198.
4533.,1142729.
4534.,1142857.
4535.,1141631.
4536.,1141216.
4537.,1142316.
4538.,1141888.
4539.,1142240.
4540.,1141171.
4541.,1142205.
4542.,1140356.
4543.,1141016.
4544.,1142881.
4545.,1141732.
4546.,1141397.
4547.,1141392.
4548.,1141543.
4549.,1141733.
4550.,1142492.
4551.,1141969.
4552.,1143036.
4553.,1141754.
4554.,1142882.
4555.,1140858.
4556.,1141214.
4557.,1142528.
4558.,1141456.
4559.,1141489.
4560.,1141209.
4561.,1141987.
4562.,1142620.
4563.,1143806.
4564.,1144440.
4565.,1144724.
4566.,1141066.
4567.,1142172.
4568.,1141807.
4569.,1143540.
4570.,1144471.
4571.,1142821.
4572.,1142873.
4573.,1142561.
4574.,1143255.
4575.,1143312.
4576.,1139058.
4577.,1141845.
4578.,1143981.
4579.,1142587.
4580.,1143610.
4581.,1141703.
4582.,1140889.
4583.,1141768.
4584.,1143959.
4585.,1143122.
4586.,1143539.
4587.,1143574.
4588.,1143432.
4589.,1142820.
4590.,1144558.
4591.,1141506.
4592.,1145016.
4593.,1142827.
4594.,1144518.
4595.,1142186.
4596.,1141949.
4597.,1144002.
4598.,1142029.
4599.,1141290.
4600.,1143408.
4601.,1143837.
4602.,1142756.
4603.,1141747.
4604.,1141452.
4605.,1141812.
4606.,1140959.
4607.,1143420.
4608.,1142634.
4609.,1143939.
4610.,1142097.
4611.,1142764.
4612.,1142235.
4613.,1143217.
4614.,1144197.
4615.,1144326.
4616.,1142375.
4617.,1141699.
4618.,1143009.
4619.,1142178.
4620.,1145960.
4621.,1142144.
4622.,1145395.
4623.,1142986.
4624.,1142437.
4625.,1144692.
4626.,1143772.
4627.,1143481.
4628.,1144738.
4629.,1141386.
4630.,1144628.
4631.,1142628.
4632.,1141089.
4633.,1142638.
4634.,1142409.
4635.,1141856.
4636.,1142591.
4637.,1142263.
4638.,1143808.
4639.,1141871.
4640.,1142198.
4641.,1145951.
4642.,1143104.
4643.,1142968.
4644.,1142108.
4645.,1144928.
4646.,1144232.
4647.,1144920.
4648.,1143492.
4649.,1143218.
4650.,1142213.
4651.,1143057.
4652.,1141542.
4653.,1144735.
4654.,1144479.
4655.,1142806.
4656.,1142330.
4657.,1143969.
4658.,1140866.
4659.,1142707.
4660.,1142347.
4661.,1142811.
4662.,1144100.
4663.,1141455.
4664.,1142729.
4665.,1144002.
4666.,1142780.
4667.,1143611.
4668.,1144513.
4669.,1142192.
4670.,1141949.
4671.,1143364.
4672.,1144047.
4673.,1144835.
4674.,1142578.
4675.,1142026.
4676.,1142048.
4677.,1144159.
4678.,1143907.
4679.,1144277.
4680.,1144037.
4681.,1143328.
4682.,1143462.
4683.,1141214.
4684.,1145295.
4685.,1142648.
4686.,1144063.
4687.,1142401.
4688.,1141795.
4689.,1144375.
4690.,1144014.
4691.,1143798.
4692.,1143034.
4693.,1142294.
4694.,1144560.
4695.,1143151.
4696.,1142046.
4697.,1143954.
4698.,1140847.
4699.,1143654.
4700.,1143892.
4701.,1147691.
4702.,1142352.
4703.,1145121.
4704.,1144712.
4705.,1144010.
4706.,1146174.
4707.,1141830.
4708.,1142150.
4709.,1144115.
4710.,1142602.
4711.,1143943.
4712.,1143271.
4713.,1145023.
4714.,1143169.
4715.,1143355.
4716.,1143338.
4717.,1141768.
4718.,1143740.
4719.,1143545.
4720.,1145147.
4721.,1142976.
4722.,1143898.
4723.,1143659.
4724.,1145228.
4725.,1142374.
4726.,1142249.
4727.,1144220.
4728.,1143716.
4729.,1145320.
4730.,1143000.
4731.,1141904.
4732.,1143165.
4733.,1143246.
4734.,1142126.
4735.,1139984.
4736.,1144912.
4737.,1143080.
4738.,1143742.
4739.,1143954.
4740.,1143349.
4741.,1141738.
4742.,1141742.
4743.,1142740.
4744.,1143629.
4745.,1143796.
4746.,1144812.
4747.,1145363.
4748.,1143046.
4749.,1145147.
4750.,1145770.
4751.,1144740.
4752.,1144708.
4753.,1143033.
4754.,1144175.
4755.,1142894.
4756.,1144556.
4757.,1143361.
4758.,1143983.
4759.,1145277.
4760.,1144159.
4761.,1141514.
4762.,1145298.
4763.,1142888.
4764.,1144259.
4765.,1144315.
4766.,1142859.
4767.,1143823.
4768.,1144302.
4769.,1143096.
4770.,1142769.
4771.,1144309.
4772.,1142559.
4773.,1145179.
4774.,1143389.
4775.,1143996.
4776.,1144994.
4777.,1143700.
4778.,1143503.
4779.,1144065.
4780.,1143124.
4781.,1145355.
4782.,1143234.
4783.,1142903.
4784.,1142401.
4785.,1144834.
4786.,1144834.
4787.,1145298.
4788.,1146186.
4789.,1143737.
4790.,1146654.
4791.,1143823.
4792.,1143094.
4793.,1145115.
4794.,1143928.
4795.,1144258.
4796.,1143743.
4797.,1143218.
4798.,1144411.
4799.,1143069.
4800.,1142221.
4801.,1142952.
4802.,1144250.
4803.,1144122.
4804.,1143772.
4805.,1144440.
4806.,1145046.
4807.,1143141.
4808.,1143468.
4809.,1143911.
4810.,1141291.
4811.,1145449.
4812.,1144755.
4813.,1142155.
4814.,1142590.
4815.,1143226.
4816.,1146837.
4817.,1142297.
4818.,1144356.
4819.,1143364.
4820.,1142849.
4821.,1143452.
4822.,1144149.
4823.,1143314.
4824.,1145152.
4825.,1143422.
4826.,1144054.
4827.,1142808.
4828.,1145351.
4829.,1145913.
4830.,1145790.
4831.,1145165.
4832.,1143693.
4833.,1145450.
4834.,1143579.
4835.,1143555.
4836.,1144589.
4837.,1144472.
4838.,1144309.
4839.,1145717.
4840.,1144848.
4841.,1144741.
4842.,1144479.
4843.,1144756.
4844.,1143140.
4845.,1143747.
4846.,1144715.
4847.,1144085.
4848.,1144264.
4849.,1144830.
4850.,1143994.
4851.,1144607.
4852.,1144092.
4853.,1145329.
4854.,1144974.
4855.,1145069.
4856.,1144155.
4857.,1144022.
4858.,1143455.
4859.,1145165.
4860.,1143626.
4861.,1143376.
4862.,1144323.
4863.,1144124.
4864.,1142055.
4865.,1147321.
4866.,1143449.
4867.,1144877.
4868.,1146028.
4869.,1143929.
4870.,1145666.
4871.,1144476.
4872.,1145918.
4873.,1145145.
4874.,1143474.
4875.,1144228.
4876.,1143755.
4877.,1145625.
4878.,1145385.
4879.,1144075.
4880.,1143215.
4881.,1146277.
4882.,1144256.
4883.,1146293.
4884.,1143775.
4885.,1143964.
4886.,1144471.
4887.,1145010.
4888.,1144980.
4889.,1142212.
4890.,1145259.
4891.,1144838.
4892.,1144025.
4893.,1145117.
4894.,1142784.
4895.,1144255.
4896.,1144006.
4897.,1141951.
4898.,1145028.
4899.,1144187.
4900.,1146130.
4901.,1144353.
4902.,1145115.
4903.,1143217.
4904.,1144076.
4905.,1143598.
4906.,1145328.
4907.,1144662.
4908.,1144611.
4909.,1147485.
4910.,1145296.
4911.,1144765.
4912.,1146122.
4913.,1145589.
4914.,1145750.
4915.,1144435.
4916.,1146585.
4917.,1147235.
4918.,1148041.
4919.,1145146.
4920.,1144755.
4921.,1146729.
4922.,1146089.
4923.,1145351.
4924.,1146595.
4925.,1144464.
4926.,1144739.
4927.,1144774.
4928.,1145649.
4929.,1145372.
4930.,1145676.
4931.,1145536.
4932.,1147670.
4933.,1143843.
4934.,1144697.
4935.,1147778.
4936.,1145467.
4937.,1145756.
4938.,1144210.
4939.,1143734.
4940.,1145360.
4941.,1146990.
4942.,1146122.
4943.,1144585.
4944.,1143625.
4945.,1146341.
4946.,1145833.
4947.,1143727.
4948.,1145513.
4949.,1145188.
4950.,1145710.
4951.,1145579.
4952.,1145870.
4953.,1144457.
4954.,1147032.
4955.,1145406.
4956.,1147063.
4957.,1144018.
4958.,1145397.
4959.,1145887.
4960.,1144813.
4961.,1143968.
4962.,1144744.
4963.,1144451.
4964.,1146767.
4965.,1145488.
4966.,1145102.
4967.,1146108.
4968.,1145074.
4969.,1146310.
4970.,1146293.
4971.,1145236.
4972.,1145279.
4973.,1146425.
4974.,1144977.
4975.,1145306.
4976.,1144869.
4977.,1143996.
4978.,1146268.
4979.,1146936.
4980.,1145976.
4981.,1142241.
4982.,1143592.
4983.,1145896.
4984.,1147858.
4985.,1145881.
4986.,1145664.
4987.,1146030.
4988.,1145294.
4989.,1145140.
4990.,1146546.
4991.,1146580.
4992.,1145278.
4993.,1147010.
4994.,1144644.
4995.,1147287.
4996.,1145234.
4997.,1145098.
4998.,1146345.
4999.,1144998.
5000.,1145081.
5001.,1146671.
5002.,1146845.
5003.,1145020.
5004.,1144804.
5005.,1145462.
5006.,1146636.
5007.,1144593.
5008.,1147353.
5009.,1148055.
5010.,1146847.
5011.,1145991.
5012.,1144262.
5013.,1148295.
5014.,1148054.
5015.,1147149.
5016.,1143956.
5017.,1147615.
5018.,1146132.
5019.,1146282.
5020.,1145955.
5021.,1143983.
5022.,1145875.
5023.,1144630.
5024.,1146352.
5025.,1145071.
5026.,1146067.
5027.,1144515.
5028.,1145103.
5029.,1143256.
5030.,1145688.
5031.,1146430.
5032.,1146341.
5033.,1146121.
5034.,1145463.
5035.,1143945.
5036.,1146240.
5037.,1145226.
5038.,1145090.
5039.,1146414.
5040.,1146248.
5041.,1146918.
5042.,1145676.
5043.,1146243.
5044.,1145268.
5045.,1147367.
5046.,1146038.
5047.,1145786.
5048.,1147357.
5049.,1146511.
5050.,1145725.
5051.,1147620.
5052.,1146684.
5053.,1145839.
5054.,1144496.
5055.,1146423.
5056.,1144946.
5057.,1145512.
5058.,1144612.
5059.,1146232.
5060.,1147225.
5061.,1144859.
5062.,1145304.
5063.,1148876.
5064.,1146756.
5065.,1146153.
5066.,1147044.
5067.,1145283.
5068.,1147038.
5069.,1145391.
5070.,1147085.
5071.,1146492.
5072.,1146614.
5073.,1147575.
5074.,1146400.
5075.,1146103.
5076.,1145994.
5077.,1146150.
5078.,1146673.
5079.,1145164.
5080.,1147581.
5081.,1147118.
5082.,1145867.
5083.,1145468.
5084.,1146779.
5085.,1148136.
5086.,1147318.
5087.,1144237.
5088.,1145988.
5089.,1144865.
5090.,1147325.
5091.,1145810.
5092.,1146658.
5093.,1147015.
5094.,1145431.
5095.,1147432.
5096.,1147297.
5097.,1149060.
5098.,1147045.
5099.,1147134.
5100.,1146863.
5101.,1146661.
5102.,1148386.
5103.,1143889.
5104.,1148349.
5105.,1147215.
5106.,1146937.
5107.,1145250.
5108.,1145514.
5109.,1147315.
5110.,1147432.
5111.,1147122.
5112.,1147471.
5113.,1145196.
5114.,1145682.
5115.,1148457.
5116.,1148121.
5117.,1146657.
5118.,1145317.
5119.,1146289.
5120.,1148921.
5121.,1149287.
5122.,1146480.
5123.,1145784.
5124.,1147386.
5125.,1146902.
5126.,1146787.
5127.,1147499.
5128.,1145968.
5129.,1145964.
5130.,1146398.
5131.,1143140.
5132.,1147944.
5133.,1147157.
5134.,1146783.
5135.,1145872.
5136.,1148390.
5137.,1148156.
5138.,1145539.
5139.,1146708.
5140.,1147350.
5141.,1145297.
5142.,1147979.
5143.,1147967.
5144.,1147485.
5145.,1145448.
5146.,1147062.
5147.,1147288.
5148.,1147256.
5149.,1146285.
5150.,1147488.
5151.,1148290.
5152.,1146987.
5153.,1146062.
5154.,1148063.
5155.,1146372.
5156.,1144965.
5157.,1148151.
5158.,1147298.
5159.,1145955.
5160.,1147469.
5161.,1148233.
5162.,1147872.
5163.,1146384.
5164.,1147383.
5165.,1145781.
5166.,1149133.
5167.,1146244.
5168.,1145697.
5169.,1144604.
5170.,1145787.
5171.,1147799.
5172.,1147850.
5173.,1147236.
5174.,1147220.
5175.,1144767.
5176.,1147543.
5177.,1148927.
5178.,1148841.
5179.,1148923.
5180.,1146149.
5181.,1148880.
5182.,1147677.
5183.,1146431.
5184.,1146517.
5185.,1148207.
5186.,1145778.
5187.,1148014.
5188.,1146801.
5189.,1148037.
5190.,1146070.
5191.,1145627.
5192.,1147277.
5193.,1148480.
5194.,1147284.
5195.,1148115.
5196.,1146678.
5197.,1148044.
5198.,1146632.
5199.,1147953.
5200.,1146751.
5201.,1147650.
5202.,1146359.
5203.,1147689.
5204.,1146498.
5205.,1145667.
5206.,1145986.
5207.,1146577.
5208.,1146497.
5209.,1147074.
5210.,1146877.
5211.,1146814.
5212.,1145807.
5213.,1145988.
5214.,1146836.
5215.,1147912.
5216.,1148183.
5217.,1147128.
5218.,1146529.
5219.,1148107.
5220.,1148546.
5221.,1148351.
5222.,1148276.
5223.,1146313.
5224.,1148598.
5225.,1146254.
5226.,1147980.
5227.,1147256.
5228.,1145508.
5229.,1148858.
5230.,1147940.
5231.,1148792.
5232.,1146736.
5233.,1148185.
5234.,1147936.
5235.,1147419.
5236.,1145582.
5237.,1146848.
5238.,1146710.
5239.,1148062.
5240.,1150039.
5241.,1149187.
5242.,1148111.
5243.,1148627.
5244.,1147886.
5245.,1148149.
5246.,1147479.
5247.,1147936.
5248.,1149509.
5249.,1148502.
5250.,1146621.
5251.,1147644.
5252.,1147842.
5253.,1147630.
5254.,1148268.
5255.,1147686.
5256.,1148756.
5257.,1149423.
5258.,1148333.
5259.,1148303.
5260.,1147540.
5261.,1149373.
5262.,1149765.
5263.,1147413.
5264.,1149311.
5265.,1148122.
5266.,1148079.
5267.,1147131.
5268.,1148552.
5269.,1146559.
5270.,1147003.
5271.,1146490.
5272.,1147479.
5273.,1147015.
5274.,1148509.
5275.,1147856.
5276.,1148757.
5277.,1147212.
5278.,1145931.
5279.,1147626.
5280.,1147304.
5281.,1148364.
5282.,1147645.
5283.,1148240.
5284.,1147937.
5285.,1146916.
5286.,1147486.
5287.,1148627.
5288.,1148130.
5289.,1147611.
5290.,1148163.
5291.,1149166.
5292.,1147452.
5293.,1147994.
5294.,1148781.
5295.,1148262.
5296.,1147497.
5297.,1149636.
5298.,1148684.
5299.,1146846.
5300.,1147603.
5301.,1148132.
5302.,1148885.
5303.,1149135.
5304.,1147647.
5305.,1148495.
5306.,1149938.
5307.,1149920.
5308.,1147855.
5309.,1149642.
5310.,1149176.
5311.,1149177.
5312.,1148750.
5313.,1148829.
5314.,1147989.
5315.,1150301.
5316.,1148517.
5317.,1148715.
5318.,1149016.
5319.,1148480.
5320.,1148178.
5321.,1149254.
5322.,1149235.
5323.,1147680.
5324.,1148492.
5325.,1148192.
5326.,1149856.
5327.,1149860.
5328.,1147619.
5329.,1150002.
5330.,1148153.
5331.,1146939.
5332.,1147647.
5333.,1146549.
5334.,1148880.
5335.,1149188.
5336.,1147515.
5337.,1146412.
5338.,1148606.
5339.,1149805.
5340.,1148804.
5341.,1148058.
5342.,1145807.
5343.,1148964.
5344.,1149636.
5345.,1148993.
5346.,1149797.
5347.,1148243.
5348.,1148578.
5349.,1147281.
5350.,1148297.
5351.,1149220.
5352.,1150052.
5353.,1149137.
5354.,1149598.
5355.,1149110.
5356.,1149294.
5357.,1147746.
5358.,1148285.
5359.,1148086.
5360.,1148413.
5361.,1148433.
5362.,1150365.
5363.,1148020.
5364.,1148568.
5365.,1149044.
5366.,1148744.
5367.,1150371.
5368.,1150241.
5369.,1149699.
5370.,1149252.
5371.,1150923.
5372.,1149776.
5373.,1147470.
5374.,1148133.
5375.,1147441.
5376.,1151511.
5377.,1148702.
5378.,1148236.
5379.,1150505.
5380.,1149683.
5381.,1150019.
5382.,1148363.
5383.,1149057.
5384.,1148170.
5385.,1148723.
5386.,1149422.
5387.,1147853.
5388.,1147639.
5389.,1149078.
5390.,1150439.
5391.,1148913.
5392.,1146528.
5393.,1149446.
5394.,1148942.
5395.,1150946.
5396.,1150468.
5397.,1148806.
5398.,1148894.
5399.,1147106.
5400.,1149022.
5401.,1149101.
5402.,1151037.
5403.,1150690.
5404.,1148861.
5405.,1148136.
5406.,1149457.
5407.,1149326.
5408.,1148932.
5409.,1148731.
5410.,1149258.
5411.,1149219.
5412.,1150787.
5413.,1147556.
5414.,1150653.
5415.,1147046.
5416.,1148626.
5417.,1150421.
5418.,1147646.
5419.,1147607.
5420.,1149332.
5421.,1148841.
5422.,1147569.
5423.,1148068.
5424.,1148080.
5425.,1147717.
5426.,1150833.
5427.,1148414.
5428.,1148527.
5429.,1149501.
5430.,1147920.
5431.,1149191.
5432.,1146670.
5433.,1150198.
5434.,1149974.
5435.,1149367.
5436.,1148719.
5437.,1149687.
5438.,1148002.
5439.,1148176.
5440.,1150458.
5441.,1149874.
5442.,1150300.
5443.,1149008.
5444.,1151136.
5445.,1150777.
5446.,1149100.
5447.,1150291.
5448.,1151058.
5449.,1148320.
5450.,1150188.
5451.,1149064.
5452.,1148870.
5453.,1147836.
5454.,1150273.
5455.,1150445.
5456.,1149471.
5457.,1150640.
5458.,1151122.
5459.,1150980.
5460.,1149240.
5461.,1149924.
5462.,1150624.
5463.,1149706.
5464.,1146642.
5465.,1150060.
5466.,1148689.
5467.,1150395.
5468.,1147493.
5469.,1148316.
5470.,1149957.
5471.,1149541.
5472.,1150604.
5473.,1149193.
5474.,1149490.
5475.,1152314.
5476.,1149185.
5477.,1150148.
5478.,1147690.
5479.,1149134.
5480.,1150802.
5481.,1149094.
5482.,1150287.
5483.,1148177.
5484.,1147468.
5485.,1149798.
5486.,1152019.
5487.,1151276.
5488.,1150934.
5489.,1149756.
5490.,1149677.
5491.,1147925.
5492.,1149775.
5493.,1150084.
5494.,1151633.
5495.,1149453.
5496.,1150384.
5497.,1150117.
5498.,1150895.
5499.,1150156.
5500.,1147903.
5501.,1149905.
5502.,1148713.
5503.,1150216.
5504.,1150245.
5505.,1150149.
5506.,1149974.
5507.,1150134.
5508.,1149361.
5509.,1150817.
5510.,1149869.
5511.,1151008.
5512.,1149559.
5513.,1148662.
5514.,1150936.
5515.,1150747.
5516.,1149174.
5517.,1148109.
5518.,1150342.
5519.,1150798.
5520.,1151103.
5521.,1150091.
5522.,1151206.
5523.,1149092.
5524.,1149461.
5525.,1149637.
5526.,1150768.
5527.,1150641.
5528.,1149166.
5529.,1151046.
5530.,1149538.
5531.,1150728.
5532.,1150321.
5533.,1151305.
5534.,1150250.
5535.,1150131.
5536.,1149507.
5537.,1150312.
5538.,1150820.
5539.,1151156.
5540.,1150131.
5541.,1152653.
5542.,1150127.
5543.,1148307.
5544.,1150100.
5545.,1148355.
5546.,1149810.
5547.,1152011.
5548.,1150065.
5549.,1148664.
5550.,1148511.
5551.,1150230.
5552.,1151366.
5553.,1151280.
5554.,1150348.
5555.,1149932.
5556.,1150481.
5557.,1149323.
5558.,1150705.
5559.,1151530.
5560.,1149799.
5561.,1151733.
5562.,1150723.
5563.,1149403.
5564.,1149303.
5565.,1151284.
5566.,1150570.
5567.,1150813.
5568.,1150217.
5569.,1152089.
5570.,1151036.
5571.,1150205.
5572.,1150754.
5573.,1149542.
5574.,1149551.
5575.,1151819.
5576.,1149651.
5577.,1149523.
5578.,1149916.
5579.,1149278.
5580.,1152299.
5581.,1151639.
5582.,1150584.
5583.,1152782.
5584.,1150152.
5585.,1150175.
5586.,1149991.
5587.,1149824.
5588.,1150502.
5589.,1151880.
5590.,1152137.
5591.,1152018.
5592.,1150811.
5593.,1149808.
5594.,1151531.
5595.,1151607.
5596.,1149757.
5597.,1151158.
5598.,1152206.
5599.,1150242.
5600.,1149969.
5601.,1150490.
5602.,1151850.
5603.,1149736.
5604.,1151132.
5605.,1150717.
5606.,1151473.
5607.,1152830.
5608.,1151121.
5609.,1150085.
5610.,1149801.
5611.,1151739.
5612.,1149832.
5613.,1149522.
5614.,1151916.
5615.,1150395.
5616.,1148311.
5617.,1151273.
5618.,1152116.
5619.,1150375.
5620.,1151134.
5621.,1150900.
5622.,1150025.
5623.,1149885.
5624.,1149541.
5625.,1149014.
5626.,1151227.
5627.,1150931.
5628.,1149843.
5629.,1150778.
5630.,1152277.
5631.,1152468.
5632.,1150503.
5633.,1152601.
5634.,1151624.
5635.,1150676.
5636.,1152313.
5637.,1151875.
5638.,1152425.
5639.,1150960.
5640.,1154123.
5641.,1150613.
5642.,1152512.
5643.,1152554.
5644.,1150878.
5645.,1150639.
5646.,1150531.
5647.,1151216.
5648.,1151270.
5649.,1150510.
5650.,1151018.
5651.,1151261.
5652.,1151240.
5653.,1150704.
5654.,1149343.
5655.,1150070.
5656.,1152437.
5657.,1152761.
5658.,1152355.
5659.,1151341.
5660.,1155071.
5661.,1152241.
5662.,1151469.
5663.,1150599.
5664.,1149797.
5665.,1152160.
5666.,1151552.
5667.,1150313.
5668.,1152188.
5669.,1151106.
5670.,1152001.
5671.,1153832.
5672.,1149201.
5673.,1152593.
5674.,1151884.
5675.,1151386.
5676.,1150727.
5677.,1151488.
5678.,1150499.
5679.,1149404.
5680.,1152960.
5681.,1151283.
5682.,1150709.
5683.,1149231.
5684.,1151593.
5685.,1151889.
5686.,1151955.
5687.,1150598.
5688.,1152293.
5689.,1151278.
5690.,1151056.
5691.,1152377.
5692.,1151005.
5693.,1152214.
5694.,1153851.
5695.,1152386.
5696.,1152095.
5697.,1150712.
5698.,1152061.
5699.,1151453.
5700.,1153000.
5701.,1149774.
5702.,1150976.
5703.,1149958.
5704.,1150590.
5705.,1150801.
5706.,1150451.
5707.,1149914.
5708.,1152050.
5709.,1151636.
5710.,1148985.
5711.,1152791.
5712.,1150846.
5713.,1153345.
5714.,1152634.
5715.,1152489.
5716.,1153298.
5717.,1150598.
5718.,1151832.
5719.,1153852.
5720.,1151595.
5721.,1151167.
5722.,1153057.
5723.,1154717.
5724.,1151341.
5725.,1152573.
5726.,1151573.
5727.,1151063.
5728.,1152014.
5729.,1151949.
5730.,1151276.
5731.,1153622.
5732.,1152393.
5733.,1153046.
5734.,1153757.
5735.,1152372.
5736.,1152008.
5737.,1149661.
5738.,1151370.
5739.,1151627.
5740.,1152992.
5741.,1151273.
5742.,1150907.
5743.,1150267.
5744.,1152805.
5745.,1151891.
5746.,1153669.
5747.,1152044.
5748.,1153939.
5749.,1151037.
5750.,1153134.
5751.,1152106.
5752.,1149524.
5753.,1151429.
5754.,1152359.
5755.,1152138.
5756.,1152639.
5757.,1152600.
5758.,1151511.
5759.,1152564.
5760.,1152827.
5761.,1150422.
5762.,1153877.
5763.,1151478.
5764.,1151804.
5765.,1152318.
5766.,1151404.
5767.,1151950.
5768.,1151489.
5769.,1151248.
5770.,1152879.
5771.,1152060.
5772.,1153025.
5773.,1152676.
5774.,1153865.
5775.,1152013.
5776.,1152722.
5777.,1152912.
5778.,1152012.
5779.,1152106.
5780.,1151077.
5781.,1151615.
5782.,1151246.
5783.,1153601.
5784.,1151634.
5785.,1150760.
5786.,1152706.
5787.,1152541.
5788.,1154285.
5789.,1152266.
5790.,1152590.
5791.,1151766.
5792.,1152591.
5793.,1152208.
5794.,1153382.
5795.,1153651.
5796.,1154282.
5797.,1154140.
5798.,1151700.
5799.,1151685.
5800.,1152831.
5801.,1151276.
5802.,1153481.
5803.,1152419.
5804.,1152790.
5805.,1151620.
5806.,1152820.
5807.,1150981.
5808.,1152207.
5809.,1153200.
5810.,1151874.
5811.,1153048.
5812.,1153252.
5813.,1152118.
5814.,1151967.
5815.,1154585.
5816.,1152344.
5817.,1153190.
5818.,1152912.
5819.,1152617.
5820.,1153113.
5821.,1151683.
5822.,1153606.
5823.,1151150.
5824.,1151836.
5825.,1154067.
5826.,1153609.
5827.,1154061.
5828.,1153738.
5829.,1152514.
5830.,1152359.
5831.,1152201.
5832.,1154226.
5833.,1154248.
5834.,1152758.
5835.,1152904.
5836.,1152862.
5837.,1151930.
5838.,1153181.
5839.,1152651.
5840.,1153044.
5841.,1152383.
5842.,1153563.
5843.,1153180.
5844.,1150952.
5845.,1152345.
5846.,1153847.
5847.,1154477.
5848.,1152558.
5849.,1153560.
5850.,1154664.
5851.,1152390.
5852.,1151182.
5853.,1154369.
5854.,1151980.
5855.,1153272.
5856.,1153037.
5857.,1154552.
5858.,1153508.
5859.,1150597.
5860.,1154349.
5861.,1154263.
5862.,1153728.
5863.,1151001.
5864.,1152243.
5865.,1153713.
5866.,1152484.
5867.,1151625.
5868.,1154365.
5869.,1152519.
5870.,1152638.
5871.,1151169.
5872.,1152364.
5873.,1152509.
5874.,1153657.
5875.,1153854.
5876.,1152820.
5877.,1155258.
5878.,1152614.
5879.,1153341.
5880.,1153238.
5881.,1153056.
5882.,1154081.
5883.,1151375.
5884.,1154306.
5885.,1152562.
5886.,1152970.
5887.,1152892.
5888.,1152256.
5889.,1154713.
5890.,1152614.
5891.,1154222.
5892.,1154034.
5893.,1152785.
5894.,1151842.
5895.,1153290.
5896.,1155224.
5897.,1153672.
5898.,1153812.
5899.,1152049.
5900.,1154069.
5901.,1152059.
5902.,1153847.
5903.,1154548.
5904.,1152745.
5905.,1151278.
5906.,1154900.
5907.,1152442.
5908.,1152254.
5909.,1153564.
5910.,1152833.
5911.,1153605.
5912.,1153547.
5913.,1153066.
5914.,1154362.
5915.,1153978.
5916.,1154836.
5917.,1153752.
5918.,1153188.
5919.,1152727.
5920.,1155659.
5921.,1154910.
5922.,1154738.
5923.,1155929.
5924.,1153433.
5925.,1152103.
5926.,1153985.
5927.,1153495.
5928.,1154763.
5929.,1154557.
5930.,1153677.
5931.,1152995.
5932.,1153834.
5933.,1154247.
5934.,1154218.
5935.,1152302.
5936.,1155509.
5937.,1152796.
5938.,1151620.
5939.,1153375.
5940.,1152587.
5941.,1155322.
5942.,1154238.
5943.,1153294.
5944.,1153846.
5945.,1154074.
5946.,1152768.
5947.,1152530.
5948.,1152986.
5949.,1154580.
5950.,1153396.
5951.,1154719.
5952.,1153709.
5953.,1153290.
5954.,1154072.
5955.,1154574.
5956.,1154373.
5957.,1154127.
5958.,1152127.
5959.,1154086.
5960.,1154233.
5961.,1152218.
5962.,1152849.
5963.,1154170.
5964.,1153939.
5965.,1152954.
5966.,1155669.
5967.,1154629.
5968.,1153578.
5969.,1155156.
5970.,1153711.
5971.,1155094.
5972.,1153581.
5973.,1155454.
5974.,1154755.
5975.,1154113.
5976.,1153620.
5977.,1154167.
5978.,1153480.
5979.,1152924.
5980.,1153420.
5981.,1154766.
5982.,1155271.
5983.,1154683.
5984.,1156893.
5985.,1154316.
5986.,1153600.
5987.,1152921.
5988.,1154625.
5989.,1153839.
5990.,1153268.
5991.,1154247.
5992.,1154626.
5993.,1155881.
5994.,1154472.
5995.,1155368.
5996.,1155980.
5997.,1151964.
5998.,1154753.
5999.,1155253.
