fit_power_dBm,frequency_Hz
-59.207096351034906,0.0
-59.20676081948609,400200.10005002504
-59.206423333712436,800400.2001000501
-59.206083878552235,1200600.300150075
-59.20574243869689,1600800.4002001001
-59.20539899868921,2001000.5002501253
-59.20505354292168,2401200.60030015
-59.204706055634695,2801400.700350175
-59.204356520914786,3201600.8004002003
-59.204004922692846,3601800.9004502255
-59.20365124474227,4002001.0005002506
-59.20329547067711,4402201.100550275
-59.20293758395023,4802401.2006003
-59.20257756785138,5202601.300650326
-59.20221540550524,5602801.40070035
-59.201851079869556,6003001.500750376
-59.20148457373306,6403201.600800401
-59.201115869713504,6803401.700850425
-59.200744950255654,7203601.800900451
-59.20037179762916,7603801.900950476
-59.199996393926526,8004002.001000501
-59.19961872106095,8404202.101050526
-59.19923876076419,8804402.20110055
-59.19885649458436,9204602.301150575
-59.19847190388375,9604802.4012006
-59.198084969836565,10005002.501250627
-59.19769567342664,10405202.601300651
-59.197303995445154,10805402.701350676
-59.19690991648828,11205602.8014007
-59.19651341695481,11605802.901450725
-59.19611447704376,12006003.001500752
-59.1957130767519,12406203.101550777
-59.19530919587134,12806403.201600801
-59.19490281398694,13206603.301650826
-59.19449391047383,13606803.40170085
-59.19408246449479,14007003.501750877
-59.19366845499765,14407203.601800902
-59.19325186071261,14807403.701850927
-59.19283266014956,15207603.801900951
-59.19241083159537,15607803.901950976
-59.191986353111055,16008004.002001002
-59.191559202529014,16408204.102051027
-59.19112935745015,16808404.20210105
-59.19069679524098,17208604.302151076
-59.19026149303071,17608804.4022011
-59.18982342770821,18009004.502251126
-59.18938257591904,18409204.60230115
-59.18893891406234,18809404.702351175
-59.18849241828776,19209604.8024012
-59.18804306449223,19609804.90245123
-59.187590828316814,20010005.002501253
-59.18713568514345,20410205.102551278
-59.18667761009162,20810405.202601302
-59.18621657801499,21210605.302651327
-59.185752563498056,21610805.40270135
-59.18528554085264,22011005.502751376
-59.184815484114424,22411205.6028014
-59.184342367039356,22811405.702851426
-59.183866163100085,23211605.80290145
-59.18338684548226,23611805.90295148
-59.182904387080825,24012006.003001504
-59.18241876049623,24412206.10305153
-59.18192993803062,24812406.203101553
-59.18143789168394,25212606.303151578
-59.18094259314995,25612806.403201602
-59.18044401381227,26013006.503251627
-59.179942124740265,26413206.60330165
-59.17943689668493,26813406.703351676
-59.1789283000747,27213606.8034017
-59.178416305011154,27613806.903451726
-59.17790088126473,28014007.003501754
-59.17738199827032,28414207.10355178
-59.17685962512278,28814407.203601804
-59.176333730572445,29214607.30365183
-59.17580428302048,29614807.403701853
-59.17527125051425,30015007.503751878
-59.17473460074255,30415207.603801902
-59.17419430103079,30815407.703851927
-59.1736503183361,31215607.80390195
-59.17310261924237,31615807.903951976
-59.17255116995518,32016008.004002005
-59.17199593629668,32416208.10405203
-59.171436883700395,32816408.204102054
-59.17087397720589,33216608.30415208
-59.17030718145347,33616808.4042021
-59.16973646067861,34017008.50425213
-59.1691617787065,34417208.60430215
-59.168583098946385,34817408.70435218
-59.16800038438578,35217608.8044022
-59.16741359758473,35617808.90445223
-59.16682270066986,36018009.00450225
-59.166227655328356,36418209.10455228
-59.16562842280187,36818409.2046023
-59.16502496388034,37218609.304652326
-59.16441723889564,37618809.40470235
-59.1638052077152,38019009.504752375
-59.1631888297355,38419209.6048024
-59.162568063875455,38819409.70485243
-59.16194286856964,39219609.80490246
-59.16131320176153,39619809.90495248
-59.160679020896495,40020010.005002506
-59.16004028291476,40420210.10505253
-59.15939694424421,40820410.205102555
-59.158748960793126,41220610.30515258
-59.15809628794272,41620810.405202605
-59.15743888053964,42021010.50525263
-59.15677669288824,42421210.605302654
-59.15610967874288,42821410.70535268
-59.155437791299875,43221610.8054027
-59.154760983189554,43621810.90545273
-59.15407920646798,44022011.00550275
-59.15339241260868,44422211.10555278
-59.15270055249412,44822411.2056028
-59.15200357640711,45222611.30565283
-59.15130143402206,45622811.40570285
-59.150594074396025,46023011.50575288
-59.14988144595968,46423211.6058029
-59.14916349650809,46823411.705852926
-59.14844017319132,47223611.80590296
-59.147711422504905,47623811.90595298
-59.14697719028016,48024012.00600301
-59.14623742167431,48424212.10605303
-59.145492061160404,48824412.20610306
-59.14474105251718,49224612.30615308
-59.14398433881862,49624812.406203106
-59.14322186242338,50025012.50625313
-59.142453564964065,50425212.606303155
-59.14167938733626,50825412.70635318
-59.14089926968739,51225612.806403205
-59.140113151405394,51625812.90645323
-59.139320971107225,52026013.006503254
-59.138522666627054,52426213.10655328
-59.13771817500439,52826413.2066033
-59.13690743247186,53226613.30665333
-59.1360903744429,53626813.40670335
-59.135266935499125,54027013.50675338
-59.13443704937754,54427213.6068034
-59.13360064895745,54827413.70685343
-59.13275766624722,55227613.80690345
-59.13190803237076,55627813.906953484
-59.13105167755371,56028014.00700351
-59.13018853110948,56428214.10705353
-59.129318521424956,56828414.20710356
-59.128441575946,57228614.30715358
-59.1275576211626,57628814.40720361
-59.12666658259389,58029014.50725363
-59.12576838477275,58429214.60730366
-59.124862951230206,58829414.70735368
-59.12395020447953,59229614.807403706
-59.12303006600003,59629814.90745373
-59.12210245622057,60030015.007503755
-59.12116729450272,60430215.10755378
-59.120224499123694,60830415.207603805
-59.11927398725887,61230615.30765383
-59.11831567496405,61630815.407703854
-59.11734947715735,62031015.50775388
-59.11637530760075,62431215.6078039
-59.11539307888135,62831415.70785393
-59.11440270239221,63231615.80790395
-59.11340408831285,63631815.90795398
-59.112397145589355,64032016.00800401
-59.111381781914176,64432216.108054034
-59.11035790370546,64832416.20810406
-59.109325416086044,65232616.308154084
-59.108284222861975,65632816.40820411
-59.10723422650072,66033016.50825413
-59.10617532810888,66433216.60830416
-59.10510742740949,66833416.70835418
-59.10403042271889,67233616.8084042
-59.10294421092311,67633816.90845422
-59.10184868745389,68034017.00850426
-59.10074374626409,68434217.10855429
-59.099629279802755,68834417.2086043
-59.098505178989605,69234617.30865434
-59.09737133318905,69634817.40870436
-59.09622763018369,70035017.50875439
-59.095073956147296,70435217.6088044
-59.093910195617255,70835417.70885444
-59.09273623146645,71235617.80890445
-59.09155194487462,71635817.90895449
-59.09035721529905,72036018.0090045
-59.08915192044485,72436218.10905454
-59.08793593623442,72836418.20910455
-59.08670913677649,73236618.30915459
-59.0854713943344,73636818.4092046
-59.084222579293815,74037018.50925463
-59.08296256012976,74437218.60930465
-59.08169120337296,74837418.70935468
-59.08040837357555,75237618.8094047
-59.07911393327599,75637818.90945473
-59.07780774296338,76038019.00950475
-59.076489661040924,76438219.10955478
-59.07515954378872,76838419.2096048
-59.07381724532574,77238619.30965483
-59.072462617571034,77638819.40970486
-59.071095510204096,78039019.50975488
-59.06971577062446,78439219.60980491
-59.06832324391042,78839419.70985493
-59.06691777277685,79239619.80990496
-59.06549919753217,79639819.90995498
-59.064067356034435,80040020.01000501
-59.062622083646424,80440220.11005503
-59.061163213189815,80840420.21010506
-59.05969057489837,81240620.31015508
-59.05820399637015,81640820.41020511
-59.056703302518684,82041020.51025513
-59.05518831552304,82441220.61030516
-59.05365885477694,82841420.71035518
-59.052114736836664,83241620.81040521
-59.05055577536785,83641820.91045523
-59.0489817810912,84042021.01050526
-59.04739256172694,84442221.11055528
-59.04578792193806,84842421.21060531
-59.04416766327236,85242621.31065533
-59.0425315841032,85642821.41070536
-59.04087947956891,86043021.51075539
-59.03921114151091,86443221.6108054
-59.03752635841046,86843421.71085544
-59.035824915323936,87243621.81090546
-59.034106593816745,87643821.91095549
-59.03237117189572,88044022.0110055
-59.03061842393998,88444222.11105554
-59.02884812063029,88844422.21110556
-59.027060028876804,89244622.31115559
-59.02525391174512,89644822.4112056
-59.02342952838074,90045022.51125564
-59.02158663393177,90445222.61130565
-59.019724979469835,90845422.71135569
-59.01784431190925,91245622.8114057
-59.015944373924235,91645822.91145574
-59.01402490386434,92046023.01150575
-59.012085635667795,92446223.11155578
-59.01012629877296,92846423.2116058
-59.00814661802765,93246623.31165583
-59.006146313596375,93646823.41170585
-59.00412510086538,94047023.51175588
-59.00208269034551,94447223.61180592
-59.00001878757275,94847423.71185593
-58.99793309300641,95247623.81190597
-58.99582530192495,95647823.91195598
-58.99369510431928,96048024.01200601
-58.99154218478355,96448224.11205603
-58.98936622240332,96848424.21210606
-58.98716689064105,97248624.31215608
-58.98494385721885,97648824.41220611
-58.9826967839984,98049024.51225613
-58.98042532685795,98449224.61230616
-58.97812913556635,98849424.71235618
-58.97580785365403,99249624.81240621
-58.97346111828082,99649824.91245623
-58.9710885601005,100050025.01250626
-58.96868980312208,100450225.11255628
-58.96626446456766,100850425.21260631
-58.96381215472672,101250625.31265633
-58.96133247680686,101650825.41270636
-58.95882502678079,102051025.51275638
-58.95628939322953,102451225.61280641
-58.9537251571817,102851425.71285644
-58.951131891948705,103251625.81290646
-58.94850916295586,103651825.91295649
-58.9458565275692,104052026.01300651
-58.9431735349179,104452226.11305654
-58.94045972571222,104852426.21310656
-58.937714632056775,105252626.31315659
-58.93493777725901,105652826.4132066
-58.93212867563283,106053026.51325664
-58.92928683229713,106453226.61330666
-58.926411742969094,106853426.71335669
-58.9235028937522,107253626.8134067
-58.92055976091871,107653826.91345674
-58.917581810686414,108054027.01350676
-58.91456849898966,108454227.11355679
-58.911519271244245,108854427.2136068
-58.90843356210623,109254627.31365684
-58.90531079522431,109654827.41370685
-58.90215038298567,110055027.51375689
-58.89895172625505,110455227.6138069
-58.89571421410689,110855427.71385694
-58.89243722355028,111255627.81390697
-58.88912011924657,111655827.91395698
-58.88576225321931,112056028.01400702
-58.882362964556435,112456228.11405703
-58.878921579104315,112856428.21410707
-58.87543740915354,113256628.31415708
-58.87190975311609,113656828.41420712
-58.868337895193726,114057028.51425713
-58.86472110503719,114457228.61430717
-58.86105863739616,114857428.71435718
-58.857349731759385,115257628.81440721
-58.85359361198492,115657828.91445723
-58.84978948592013,116058029.01450726
-58.84593654501093,116458229.11455728
-58.842033963900306,116858429.21460731
-58.83808090001536,117258629.31465733
-58.83407649314286,117658829.41470736
-58.8300198649927,118059029.51475738
-58.82591011874907,118459229.61480741
-58.82174633860878,118859429.71485743
-58.81752758930645,119259629.81490746
-58.81325291562608,119659829.9149575
-58.80892134189861,120060030.01500751
-58.804531871485004,120460230.11505754
-58.800083486244354,120860430.21510756
-58.795575145986575,121260630.31515759
-58.79100578790917,121660830.41520761
-58.78637432601759,122061030.51525764
-58.781679650528496,122461230.61530766
-58.776920627255656,122861430.71535769
-58.772096096977585,123261630.81540771
-58.76720487478657,123661830.91545774
-58.76224574941834,124062031.01550776
-58.75721748256182,124462231.11555779
-58.7521188081482,124862431.2156078
-58.74694843161881,125262631.31565784
-58.74170502917091,125662831.41570786
-58.73638724698074,126063031.51575789
-58.730993700403154,126463231.6158079
-58.72552297314686,126863431.71585794
-58.71997361642465,127263631.81590796
-58.71434414807761,127663831.91595799
-58.70863305167257,128064032.01600802
-58.70283877557177,128464232.11605804
-58.6969597319739,128864432.21610807
-58.69099429592545,129264632.31615809
-58.68494080430145,129664832.41620812
-58.67879755475447,130065032.51625814
-58.6725628046308,130465232.61630817
-58.66623476985284,130865432.71635818
-58.659811623766224,131265632.81640822
-58.653291495950825,131665832.91645823
-58.646672470994076,132066033.01650827
-58.63995258722556,132466233.11655828
-58.63312983541131,132866433.21660832
-58.62620215740659,133266633.31665833
-58.619167444765594,133666833.41670837
-58.61202353730664,134067033.51675838
-58.60476822163123,134467233.6168084
-58.597399229595446,134867433.71685845
-58.58991423673189,135267633.81690845
-58.58231086062064,135667833.91695848
-58.574586659207114,136068034.0170085
-58.56673912906535,136468234.11705855
-58.558765703604394,136868434.21710858
-58.550663751216135,137268634.31715858
-58.54243057336225,137668834.4172086
-58.53406340259827,138069034.51725864
-58.52555940053245,138469234.61730868
-58.516915655717185,138869434.71735868
-58.508129181470565,139269634.8174087
-58.499196913625596,139669834.91745874
-58.490115708204456,140070035.01750877
-58.480882339015274,140470235.11755878
-58.47149349516849,140870435.2176088
-58.46194577851012,141270635.31765884
-58.45223570096886,141670835.41770887
-58.44235968181401,142071035.51775888
-58.432314044821055,142471235.6178089
-58.42209501534165,142871435.71785894
-58.4116987172746,143271635.81790897
-58.401121169934356,143671835.91795897
-58.390358284813416,144072036.018009
-58.379405862234805,144472236.11805904
-58.36825958789096,144872436.21810907
-58.35691502926486,145272636.3181591
-58.345367631929335,145672836.4182091
-58.33361271572038,146073036.51825914
-58.32164547077997,146473236.61830917
-58.309460953464004,146873436.7183592
-58.2970540821106,147273636.8184092
-58.28441963266401,147673836.91845924
-58.27155223414929,148074037.01850927
-58.25844636399252,148474237.1185593
-58.24509634318151,148874437.2186093
-58.23149633126162,149274637.31865934
-58.2176403211611,149674837.41870937
-58.20352213384057,150075037.5187594
-58.18913541276068,150475237.6188094
-58.1744736181622,150875437.71885943
-58.15953002115259,151275637.81890947
-58.14429769759283,151675837.9189595
-58.1287695217784,152076038.0190095
-58.11293815990812,152476238.11905953
-58.09679606333437,152876438.21910957
-58.080335461588376,153276638.3191596
-58.06354835517393,153676838.4192096
-58.04642650812303,154077038.51925963
-58.02896144030697,154477238.61930966
-58.01114441949623,154877438.7193597
-57.992966453162644,155277638.81940973
-57.97441828001752,155677838.91945973
-57.955490361279296,156078039.01950976
-57.936172871664574,156478239.1195598
-57.916455690096505,156878439.21960983
-57.89632839012488,157278639.31965983
-57.87578023005239,157678839.41970986
-57.854800142762116,158079039.5197599
-57.83337672524152,158479239.61980993
-57.811498227799014,158879439.71985993
-57.789152542969525,159279639.81990996
-57.76632719410652,159679839.91996
-57.743009323658455,160080040.02001002
-57.719185681129,160480240.12006003
-57.6948426107211,160880440.22011006
-57.66996603866668,161280640.3201601
-57.644541460244774,161680840.42021012
-57.618553926493036,162081040.52026013
-57.59198803061906,162481240.62031016
-57.564827894120526,162881440.7203602
-57.537057152625,163281640.82041022
-57.50865894146372,163681840.92046025
-57.47961588099601,164082041.02051026
-57.4499100617049,164482241.1205603
-57.41952302908818,164882441.22061032
-57.38843576837337,165282641.32066035
-57.35662868908989,165682841.42071036
-57.32408160953722,166083041.5207604
-57.29077374119346,166483241.62081042
-57.2566836731156,166883441.72086045
-57.22178935638982,167283641.82091045
-57.18606808869857,167683841.9209605
-57.14949649907993,168084042.02101052
-57.112050532964744,168484242.12106055
-57.07370543758805,168884442.22111055
-57.03443574788339,169284642.32116058
-56.99421527298197,169684842.42121062
-56.953017083453275,170085042.52126065
-56.91081349944009,170485242.62131065
-56.86757607985839,170885442.72136068
-56.82327561285238,171285642.82141072
-56.77788210771598,171685842.92146075
-56.731364788515826,172086043.02151078
-56.683692089675986,172486243.12156078
-56.63483165381298,172886443.2216108
-56.58475033213967,173286643.32166085
-56.53341418778988,173686843.42171088
-56.48078850245152,174087043.52176088
-56.42683778673483,174487243.6218109
-56.37152579474462,174887443.72186095
-56.31481554337075,175287643.82191098
-56.25666933686003,175687843.92196098
-56.197048797285525,176088044.022011
-56.13591490158526,176488244.12206104
-56.07322802590269,176888444.22211108
-56.00894799802517,177288644.32216108
-55.94303415878439,177688844.4222111
-55.875445433354244,178089044.52226114
-55.806140413456596,178489244.62231117
-55.735077451563754,178889444.72236118
-55.662214768267205,179289644.8224112
-55.58751057406614,179689844.92246124
-55.510923206913425,180090045.02251127
-55.43241128694287,180490245.1225613
-55.35193388988599,180890445.2226113
-55.26945074076946,181290645.32266134
-55.18492242956332,181690845.42271137
-55.098310650522606,182091045.5227614
-55.009578467029044,182491245.6228114
-54.91869060379171,182891445.72286144
-54.8256137683022,183291645.82291147
-54.73031700345645,183691845.9229615
-54.63277207324802,184092046.0230115
-54.53295388339924,184492246.12306154
-54.43084093872242,184892446.22311157
-54.326415838884756,185292646.3231616
-54.21966581408097,185692846.4232116
-54.11058330188742,186093046.52326164
-53.99916656627202,186493246.62331167
-53.885420359354434,186893446.7233617
-53.769356626041656,187293646.8234117
-53.650995251092944,187693846.92346174
-53.53036484748539,188094047.02351177
-53.40750358414515,188494247.1235618
-53.282460050171395,188894447.22361183
-53.155294151600245,189294647.32366183
-53.026078035528634,189694847.42371187
-52.89489703503954,190095047.5237619
-52.76185062684007,190495247.62381193
-52.627053391848094,190895447.72386193
-52.49063596715202,191295647.82391196
-52.352745975841565,191695847.923962
-52.21354891919016,192096048.02401203
-52.07322901360225,192496248.12406203
-51.93198995266625,192896448.22411206
-51.79005557263993,193296648.3241621
-51.6476703978103,193696848.42421213
-51.5051000405031,194097048.52426213
-51.36263142916447,194497248.62431216
-51.22057283701073,194897448.7243622
-51.07925368335757,195297648.82441223
-50.93902408002296,195697848.92446223
-50.80025409627003,196098049.02451226
-50.663332717737006,196498249.1245623
-50.52866647779294,196898449.22461233
-50.396677743846666,197298649.32466236
-50.267802646370754,197698849.42471236
-50.142488644796536,198099049.5247624
-50.02119173195142,198499249.62481242
-49.90437328724976,198899449.72486246
-49.79249659825508,199299649.82491246
-49.68602308027615,199699849.9249625
-49.58540823405057,200100050.02501252
-49.49109739195003,200500250.12506256
-49.403521313107234,200900450.22511256
-49.32309169697123,201300650.3251626
-49.25019669258932,201700850.42521262
-49.185196486940455,202101050.52526265
-49.12841905949602,202501250.62531266
-49.08015619151272,202901450.7253627
-49.04065981711531,203301650.82541272
-49.010138798867956,203701850.92546275
-48.98875620326038,204102051.02551275
-48.97662714149154,204502251.1255628
-48.97381722840797,204902451.22561282
-48.98034169787119,205302651.32566285
-48.996165196728604,205702851.42571288
-49.021202262573134,206103051.5257629
-49.055318473279485,206503251.62581292
-49.098332239590036,206903451.72586295
-49.15001719645649,207303651.82591298
-49.210105135020655,207703851.92596298
-49.27828940553677,208104052.02601302
-49.35422871257068,208504252.12606305
-49.43755121768979,208904452.22611308
-49.52785886166572,209304652.32616308
-49.62473181789332,209704852.42621312
-49.72773299109847,210105052.52626315
-49.83641248017013,210505252.62631318
-49.95031193073338,210905452.72636318
-50.06896871144995,211305652.8264132
-50.19191985753618,211705852.92646325
-50.318705735170376,212106053.02651328
-50.448873390892686,212506253.12656328
-50.581979560392924,212906453.2266133
-50.717593320903916,213306653.32666335
-50.85529838050306,213706853.42671338
-50.994695005772115,214107053.5267634
-51.13540159634236,214507253.6268134
-51.27705592078634,214907453.72686344
-51.41931603309173,215307653.82691348
-51.561860892596805,215707853.9269635
-51.704390712844784,216108054.0270135
-51.84662706641995,216508254.12706354
-51.988312773571636,216908454.22711357
-52.12921160243466,217308654.3271636
-52.269107808039614,217708854.4272136
-52.407805536196655,218109054.52726364
-52.545128116845966,218509254.62731367
-52.68091726970354,218909454.7273637
-52.81503224308481,219309654.8274137
-52.94734890474375,219709854.92746374
-53.077758801487526,220110055.02751377
-53.20616820227465,220510255.1275638
-53.33249713751928,220910455.2276138
-53.456678445441014,221310655.32766384
-53.57865683454019,221710855.42771387
-53.698387969660544,222111055.5277639
-53.81583758763057,222511255.62781394
-53.930980647157,222911455.72786394
-54.04380051647622,223311655.82791397
-54.154288201246246,223711855.927964
-54.26244161427828,224112056.02801403
-54.36826488795037,224512256.12806404
-54.4717677295093,224912456.22811407
-54.57296481893701,225312656.3281641
-54.671875248625696,225712856.42821413
-54.76852200375921,226113056.52826414
-54.86293148202734,226513256.62831417
-54.95513305109492,226913456.7283642
-55.04515864209895,227313656.82841423
-55.13304237734742,227713856.92846423
-55.21882023033408,228114057.02851427
-55.302529716157906,228514257.1285643
-55.384209610439406,228914457.22861433
-55.46389969485045,229314657.32866433
-55.54164052741798,229714857.42871436
-55.61747323581925,230115057.5287644
-55.691439331953674,230515257.62881443
-55.76358054615246,230915457.72886446
-55.83393867946707,231315657.82891446
-55.90255547256199,231715857.9289645
-55.969472489822245,232116058.02901453
-56.03473101737144,232516258.12906456
-56.09837197378078,232916458.22911456
-56.1604358323316,233316658.3291646
-56.22096255377447,233716858.42921463
-56.279991528604434,234117058.52926466
-56.337561527945994,234517258.62931466
-56.39371066221114,234917458.7293647
-56.44847634676023,235317658.82941473
-56.50189527385766,235717858.92946476
-56.55400339027325,236118059.02951476
-56.60483587993476,236518259.1295648
-56.65442715108822,236918459.22961482
-56.70281082747036,237318659.32966486
-56.750019743041456,237718859.42971486
-56.79608593986783,238119059.5297649
-56.841040668780856,238519259.62981492
-56.88491439247423,238919459.72986495
-56.92773679073307,239319659.829915
-56.96953676751806,239719859.929965
-57.010342459654524,240120060.03001502
-57.05018124690115,240520260.13006505
-57.089079763195656,240920460.2301151
-57.12706390889528,241320660.3301651
-57.164158863848655,241720860.43021512
-57.20038910115299,242121060.53026515
-57.235778401465815,242521260.63031518
-57.27034986775487,242921460.7303652
-57.30412594038247,243321660.83041522
-57.337128412432385,243721860.93046525
-57.36937844519773,244122061.03051528
-57.40089658375813,244522261.1305653
-57.43170277258271,244922461.23061532
-57.461816371103566,245322661.33066535
-57.49125616921121,245722861.43071538
-57.52004040262984,246123061.53076538
-57.54818676813598,246523261.63081542
-57.57571243858919,246923461.73086545
-57.602634077748036,247323661.83091548
-57.62896785484863,247723861.9309655
-57.65472945892684,248124062.03101552
-57.67993411286831,248524262.13106555
-57.704596587173704,248924462.23111558
-57.72873121342873,249324662.3311656
-57.75235189747128,249724862.4312156
-57.77547213224972,250125062.53126565
-57.79810501036833,250525262.63131568
-57.8202632363175,250925462.7313657
-57.841959138387544,251325662.8314157
-57.8632046802665,251725862.93146574
-57.88401147232301,252126063.03151578
-57.90439078257655,252526263.1315658
-57.924353547358066,252926463.2316158
-57.94391038166463,253326663.33166584
-57.96307158921242,253726863.43171588
-57.981847172192865,254127063.5317659
-58.000246840737134,254527263.6318159
-58.01828002209451,254927463.73186594
-58.0359558695305,255327663.83191597
-58.05328327095076,255727863.931966
-58.07027085725714,256128064.03201604
-58.086927010442075,256528264.13206604
-58.10325987142793,256928464.23211607
-58.1192773476578,257328664.3321661
-58.13498712044427,257728864.43221614
-58.150396652082755,258129064.53226614
-58.16551319273588,258529264.63231617
-58.18034378709543,258929464.7323662
-58.19489528082838,259329664.83241624
-58.20917432681312,259729864.93246624
-58.223187391172424,260130065.03251627
-58.236940759109125,260530265.1325663
-58.250440540550606,260930465.23261634
-58.2636926756081,261330665.33266634
-58.27670293985649,261730865.43271637
-58.28947694944048,262131065.5327664
-58.30202016601241,262531265.63281643
-58.31433790150752,262931465.73286644
-58.32643532276153,263331665.83291647
-58.33831745597604,263731865.9329665
-58.349989191036485,264132066.03301653
-58.361455285687725,264532266.13306653
-58.37272036957185,264932466.23311657
-58.38378894813287,265332666.3331666
-58.39466540639275,265732866.43321663
-58.405354012603055,266133066.53326666
-58.41585892177654,266533266.63331667
-58.426184179102485,266933466.7333667
-58.43633372325005,267333666.83341673
-58.446311389563185,267733866.93346676
-58.45612091315089,268134067.03351676
-58.465765931876454,268534267.1335668
-58.47524998924899,268934467.2336168
-58.48457653722069,269334667.33366686
-58.49374893889304,269734867.4337169
-58.50277047113508,270135067.5337669
-58.51164432711666,270535267.6338169
-58.52037361875979,270935467.73386693
-58.52896137911063,271335667.83391696
-58.53741056463514,271735867.933967
-58.54572405744069,272136068.034017
-58.55390466742647,272536268.13406706
-58.56195513436493,272936468.2341171
-58.56987812991662,273336668.3341671
-58.5776762595809,273736868.43421715
-58.58535206458446,274137068.5342671
-58.592908023709974,274537268.63431716
-58.600346555066764,274937468.7343672
-58.60767001780564,275337668.8344172
-58.614880713779584,275737868.93446726
-58.6219808891524,276138069.0345173
-58.628972735956786,276538269.1345673
-58.63585839360383,276938469.23461735
-58.642639950345334,277338669.3346673
-58.64931944469079,277738869.43471736
-58.65589886678028,278139069.5347674
-58.662380159715056,278539269.6348174
-58.668765220847014,278939469.73486745
-58.67505590302851,279339669.8349175
-58.6812540158239,279739869.9349675
-58.68736132668404,280140070.03501755
-58.6933795620849,280540270.1350675
-58.69931040863166,280940470.23511755
-58.70515551412931,281340670.3351676
-58.71091648862087,281740870.4352176
-58.716594905394345,282141070.53526765
-58.72219230195945,282541270.6353177
-58.72771018099508,282941470.7353677
-58.7331500112684,283341670.83541775
-58.73851322852671,283741870.9354678
-58.743801236362735,284142071.03551775
-58.74901540705436,284542271.1355678
-58.75415708237954,284942471.2356178
-58.75922757440732,285342671.33566785
-58.76422816626558,285742871.4357179
-58.769160112886404,286143071.5357679
-58.77402464172965,286543271.63581795
-58.77882295348563,286943471.735868
-58.78355622275726,287343671.83591795
-58.78822559872269,287743871.935968
-58.79283220577876,288144072.036018
-58.797377144166,288544272.13606805
-58.8018614905758,288944472.2361181
-58.80628629874026,289344672.3361681
-58.810652600005206,289744872.43621814
-58.81496140388707,290145072.5362682
-58.81921369861397,290545272.6363182
-58.82341045165158,290945472.7363682
-58.82755261021426,291345672.8364182
-58.83164110176184,291745872.93646824
-58.8356768344826,292146073.0365183
-58.83966069776276,292546273.1365683
-58.84359356264303,292946473.23661834
-58.847476282262505,293346673.3366684
-58.85130969229033,293746873.4367184
-58.85509461134552,294147073.5367684
-58.85883184140533,294547273.6368184
-58.86252216820243,294947473.73686844
-58.86616636161129,295347673.8369185
-58.86976517602414,295747873.9369685
-58.87331935071669,296148074.03701854
-58.876829610204105,296548274.13706857
-58.88029666458729,296948474.2371186
-58.88372120989003,297348674.3371686
-58.88710392838705,297748874.4372186
-58.89044548892341,298149074.53726864
-58.893746547225376,298549274.6373187
-58.8970077462031,298949474.7373687
-58.900229716245356,299349674.83741874
-58.90341307550647,299749874.93746877
-58.906558430185804,300150075.0375188
-58.909666374799876,300550275.13756883
-58.912737492447484,300950475.2376188
-58.91577235506787,301350675.33766884
-58.918771523692286,301750875.43771887
-58.92173554868898,302151075.5377689
-58.924664970002006,302551275.63781893
-58.92756031738383,302951475.73786896
-58.93042211062201,303351675.837919
-58.93325085976015,303751875.937969
-58.93604706531318,304152076.038019
-58.93881121847728,304552276.13806903
-58.94154380133438,304952476.23811907
-58.944245287051686,305352676.3381691
-58.94691614007605,305752876.43821913
-58.949556816323565,306153076.53826916
-58.95216776336446,306553276.6383192
-58.95474942060329,306953476.7383692
-58.95730221945484,307353676.8384192
-58.9598265835155,307753876.93846923
-58.96232292873059,308154077.03851926
-58.96479166355744,308554277.1385693
-58.967233189124606,308954477.2386193
-58.96964789938709,309354677.33866936
-58.97203618127791,309754877.4387194
-58.97439841485587,310155077.5387694
-58.976734973449865,310555277.63881946
-58.979046223799656,310955477.7388694
-58.98133252619327,311355677.83891946
-58.983594234601135,311755877.9389695
-58.985831696807,312156078.0390195
-58.9880452545357,312556278.13906956
-58.99023524357799,312956478.2391196
-58.99240199391233,313356678.3391696
-58.99454582982383,313756878.43921965
-58.99666707002042,314157078.5392696
-58.99876602774629,314557278.63931966
-59.00084301089262,314957478.7393697
-59.002898322105864,315357678.8394197
-59.00493225889334,315757878.93946975
-59.006945113726545,316158079.0395198
-59.00893717414198,316558279.1395698
-59.01090872283966,316958479.23961985
-59.01286003777945,317358679.3396699
-59.01479139227505,317758879.43971986
-59.01670305508599,318159079.5397699
-59.018595290507406,318559279.6398199
-59.020468358457855,318959479.73986995
-59.022322514565126,319359679.83992
-59.02415801025009,319759879.93997
-59.02597509280872,320160080.04002005
-59.027774005492184,320560280.1400701
-59.02955498758524,320960480.24012005
-59.031318274482835,321360680.3401701
-59.033064097765006,321760880.4402201
-59.03479268527012,322161080.54027015
-59.036504261166485,322561280.6403202
-59.03819904602244,322961480.7403702
-59.03987725687482,323361680.84042025
-59.04153910729598,323761880.9404703
-59.04318480745933,324162081.04052025
-59.04481456420346,324562281.1405703
-59.04642858109485,324962481.2406203
-59.04802705848924,325362681.34067035
-59.04961019359164,325762881.4407204
-59.05117818051513,326163081.5407704
-59.05273121033828,326563281.64082044
-59.05426947116143,326963481.7408705
-59.055793148161754,327363681.8409205
-59.057302423647094,327763881.9409705
-59.05879747710871,328164082.0410205
-59.060278485272924,328564282.14107054
-59.06174562215159,328964482.2411206
-59.063199059091595,329364682.3411706
-59.06463896482327,329764882.44122064
-59.06606550550777,330165082.5412707
-59.067478844783544,330565282.6413207
-59.068879143811735,330965482.7413707
-59.07026656132069,331365682.8414207
-59.07164125364958,331765882.94147074
-59.073003374791035,332166083.0415208
-59.07435307643298,332566283.1415708
-59.07569050799955,332966483.24162084
-59.077015816691244,333366683.3416709
-59.078329147524144,333766883.4417209
-59.07963064336844,334167083.54177094
-59.08092044498612,334567283.6418209
-59.08219869106792,334967483.74187094
-59.083465518269506,335367683.841921
-59.08472106124692,335767883.941971
-59.08596545269133,336168084.04202104
-59.08719882336313,336568284.14207107
-59.088421302125234,336968484.2421211
-59.08963301597582,337368684.34217113
-59.090834090080406,337768884.4422211
-59.0920246478032,338169084.54227114
-59.09320481073796,338569284.64232117
-59.09437469873815,338969484.7423712
-59.09553442994654,339369684.84242123
-59.0966841208242,339769884.94247127
-59.097823886178986,340170085.0425213
-59.09895383919338,340570285.14257133
-59.10007409145186,340970485.2426213
-59.10118475296771,341370685.34267133
-59.10228593220931,341770885.44272137
-59.10337773612594,342171085.5427714
-59.10446027017302,342571285.64282143
-59.105533638336965,342971485.74287146
-59.10659794315948,343371685.8429215
-59.10765328576143,343771885.9429715
-59.108699765866255,344172086.04302156
-59.10973748182289,344572286.14307153
-59.110766530628354,344972486.24312156
-59.111787007949786,345372686.3431716
-59.112799008146155,345772886.4432216
-59.11380262428952,346173086.54327166
-59.11479794818592,346573286.6433217
-59.11578507039583,346973486.7433717
-59.11676408025427,347373686.84342176
-59.117735065890535,347773886.9434717
-59.118698114247536,348174087.04352176
-59.11965331110079,348574287.1435718
-59.1206007410771,348974487.2436218
-59.12154048767281,349374687.34367186
-59.1224726332718,349774887.4437219
-59.12339725916311,350175087.5437719
-59.124314445558255,350575287.64382195
-59.1252242716082,350975487.743872
-59.12612681542005,351375687.84392196
-59.12702215407345,351775887.943972
-59.12791036363665,352176088.044022
-59.1287915191823,352576288.14407206
-59.129665694802945,352976488.2441221
-59.13053296362628,353376688.3441721
-59.131393397830074,353776888.44422215
-59.13224706865686,354177088.5442722
-59.13309404642839,354577288.64432216
-59.13393440055975,354977488.7443722
-59.13476819957331,355377688.8444222
-59.13559551111238,355777888.94447225
-59.13641640195462,356178089.0445223
-59.13723093802525,356578289.1445723
-59.13803918440999,356978489.24462235
-59.13884120536779,357378689.3446724
-59.13963706434333,357778889.44472235
-59.14042682397931,358179089.5447724
-59.14121054612852,358579289.6448224
-59.141988291865694,358979489.74487245
-59.142760121499165,359379689.8449225
-59.14352609458232,359779889.9449725
-59.144286269924855,360180090.04502255
-59.145040705603826,360580290.1450726
-59.14578945897452,360980490.2451226
-59.146532586681154,361380690.3451726
-59.14727014466735,361780890.4452226
-59.14800218818647,362181090.54527265
-59.14872877181175,362581290.6453227
-59.14944994944628,362981490.7453727
-59.1501657743328,363381690.84542274
-59.15087629906335,363781890.9454728
-59.151581575588715,364182091.0455228
-59.15228165522776,364582291.1455728
-59.15297658867659,364982491.2456228
-59.15366642601754,365382691.34567285
-59.154351216728024,365782891.4457229
-59.15503100968926,366183091.5457729
-59.15570585319482,366583291.64582294
-59.156375794959025,366983491.745873
-59.15704088212526,367383691.845923
-59.15770116127409,367783891.94597304
-59.158356678431275,368184092.046023
-59.15900747907565,368584292.14607304
-59.15965360814683,368984492.2461231
-59.16029511005291,369384692.3461731
-59.160932028677855,369784892.44622314
-59.16156440738896,370185092.5462732
-59.16219228904404,370585292.6463232
-59.162815715998605,370985492.74637324
-59.16343473011285,371385692.8464232
-59.16404937275856,371785892.94647324
-59.16465968482592,372186093.0465233
-59.165265706730175,372586293.1465733
-59.16586747841822,372986493.24662334
-59.166465039375076,373386693.34667337
-59.16705842863023,373786893.4467234
-59.167647684763914,374187093.54677343
-59.16823284591329,374587293.6468234
-59.168813949778475,374987493.74687344
-59.16939103362855,375387693.8469235
-59.169964134307406,375787893.9469735
-59.17053328823955,376188094.04702353
-59.17109853143578,376588294.14707357
-59.17165989949879,376988494.2471236
-59.1722174276287,377388694.34717363
-59.17277115062846,377788894.44722366
-59.17332110290921,378189094.54727364
-59.173867318495546,378589294.64732367
-59.17440983103066,378989494.7473737
-59.174948673781486,379389694.84742373
-59.17548387964369,379789894.94747376
-59.176015481146614,380190095.0475238
-59.17654351045815,380590295.1475738
-59.17706799938953,380990495.24762386
-59.177588979400014,381390695.34767383
-59.178106481601574,381790895.44772387
-59.17862053676345,382191095.5477739
-59.17913117531664,382591295.6478239
-59.17963842735836,382991495.74787396
-59.180142322656394,383391695.847924
-59.18064289065339,383791895.947974
-59.18114016047111,384192096.04802406
-59.181634160914605,384592296.1480741
-59.18212492047629,384992496.24812406
-59.18261246734004,385392696.3481741
-59.18309682938515,385792896.4482241
-59.18357803419025,386193096.54827416
-59.18405610903719,386593296.6483242
-59.18453108091485,386993496.7483742
-59.1850029765229,387393696.84842426
-59.18547182227546,387793896.9484743
-59.1859376443048,388194097.04852426
-59.18640046846488,388594297.1485743
-59.186860320334915,388994497.2486243
-59.187317225222834,389394697.34867436
-59.187771208168755,389794897.4487244
-59.18822229394831,390195097.5487744
-59.18867050707602,390595297.64882445
-59.18911587180857,390995497.7488745
-59.18955841214803,391395697.84892446
-59.18999815184507,391795897.9489745
-59.19043511440207,392196098.0490245
-59.19086932307625,392596298.14907455
-59.19130080088269,392996498.2491246
-59.19172957059739,393396698.3491746
-59.192155654760136,393796898.44922465
-59.19257907567755,394197098.5492747
-59.192999855425875,394597298.6493247
-59.19341801585384,394997498.7493747
-59.193833578585476,395397698.8494247
-59.19424656502286,395797898.94947475
-59.19465699634882,396198099.0495248
-59.19506489352965,396598299.1495748
-59.195470277317725,396998499.24962485
-59.19587316825411,397398699.3496749
-59.19627358667113,397798899.4497249
-59.19667155269493,398199099.5497749
-59.1970670862479,398599299.6498249
-59.19746020705122,398999499.74987495
-59.19785093462724,399399699.849925
-59.198239288301856,399799899.949975
-59.19862528720694,400200100.05002505
-59.19900895028256,400600300.1500751
-59.199390296279404,401000500.2501251
-59.19976934376092,401400700.35017514
-59.20014611110562,401800900.4502251
-59.20052061650926,402201100.55027515
-59.200892877987,402601300.6503252
-59.20126291337558,403001500.7503752
-59.201630740335375,403401700.85042524
-59.20199637635251,403801900.9504753
-59.20235983874092,404202101.0505253
-59.20272114464436,404602301.15057534
-59.203080311038384,405002501.2506253
-59.203437354732365,405402701.35067534
-59.203792292371396,405802901.4507254
-59.20414514043822,406203101.5507754
-59.20449591525512,406603301.65082544
-59.20484463298578,407003501.7508755
-59.20519130963715,407403701.8509255
-59.20553596106121,407803901.95097554
-59.205878602956815,408204102.0510255
-59.20621925087143,408604302.15107554
-59.20655792020289,409004502.2511256
-59.2068946262011,409404702.3511756
-59.207229383969754,409804902.45122564
-59.20756220846799,410205102.5512757
-59.20789311451207,410605302.6513257
-59.20822211677696,411005502.75137573
-59.208549229798,411405702.85142577
-59.20887446797246,411805902.95147574
-59.20919784556107,412206103.0515258
-59.209519376689656,412606303.1515758
-59.20983907535057,413006503.25162584
-59.21015695540427,413406703.35167587
-59.21047303058075,413806903.4517259
-59.210787314481045,414207103.55177593
-59.21109982057866,414607303.65182596
-59.21141056222099,415007503.75187594
-59.211719552630754,415407703.85192597
-59.212026804907374,415807903.951976
-59.212332332028346,416208104.05202603
-59.21263614685058,416608304.15207607
-59.212938262111784,417008504.2521261
-59.21323869043174,417408704.35217613
-59.213537444313616,417808904.45222616
-59.21383453614528,418209104.55227613
-59.21412997820054,418609304.65232617
-59.214423782640424,419009504.7523762
-59.21471596151437,419409704.85242623
-59.215006526761535,419809904.95247626
-59.21529549021189,420210105.0525263
-59.215582863587535,420610305.1525763
-59.21586865850375,421010505.25262636
-59.21615288647026,421410705.3526764
-59.21643555889233,421810905.45272636
-59.2167166870719,422211105.5527764
-59.216996282208726,422611305.6528264
-59.21727435540145,423011505.75287646
-59.21755091764872,423411705.8529265
-59.21782597985027,423811905.9529765
-59.218099552807935,424212106.05302656
-59.21837164722677,424612306.1530766
-59.21864227371603,425012506.25312656
-59.21891144279022,425412706.3531766
-59.21917916487011,425812906.4532266
-59.219445450283736,426213106.55327666
-59.219710309267334,426613306.6533267
-59.2199737519664,427013506.7533767
-59.22023578843659,427413706.85342675
-59.22049642864469,427813906.9534768
-59.220755682469544,428214107.0535268
-59.22101355970301,428614307.1535768
-59.22127007005084,429014507.2536268
-59.22152522313361,429414707.35367686
-59.2217790284876,429814907.4537269
-59.22203149556568,430215107.5537769
-59.222282633738175,430615307.65382695
-59.22253245229375,431015507.753877
-59.22278096044023,431415707.853927
-59.223028167305465,431815907.953977
-59.22327408193814,432216108.054027
-59.223518713308614,432616308.15407705
-59.223762070309725,433016508.2541271
-59.22400416175757,433416708.3541771
-59.22424499639233,433816908.45422715
-59.224484582879036,434217108.5542772
-59.22472292980834,434617308.6543272
-59.224960045697266,435017508.7543772
-59.225195938989984,435417708.8544272
-59.22543061805856,435817908.95447725
-59.22566409120367,436218109.0545273
-59.22589636665533,436618309.1545773
-59.22612745257363,437018509.25462735
-59.22635735704944,437418709.3546774
-59.22658608810511,437818909.4547274
-59.226813653695146,438219109.55477744
-59.22704006170693,438619309.6548274
-59.22726531996137,439019509.75487745
-59.227489436213574,439419709.8549275
-59.22771241815353,439819909.9549775
-59.22793427340674,440220110.05502754
-59.22815500953486,440620310.1550776
-59.22837463403637,441020510.2551276
-59.22859315434718,441420710.35517764
-59.22881057784126,441820910.4552276
-59.22902691183124,442221110.55527765
-59.229242163569076,442621310.6553277
-59.22945634024658,443021510.7553777
-59.22966944899605,443421710.85542774
-59.22988149689088,443821910.9554778
-59.23009249094611,444222111.0555278
-59.230302438119004,444622311.15557784
-59.23051134530963,445022511.2556279
-59.230719219361426,445422711.35567784
-59.23092606706173,445822911.4557279
-59.23113189514236,446223111.5557779
-59.231336710280154,446623311.65582794
-59.231540519097486,447023511.755878
-59.2317433281628,447423711.855928
-59.231945143991155,447823911.95597804
-59.232145973044744,448224112.05602807
-59.23234582173337,448624312.15607804
-59.232544696415,449024512.2561281
-59.232742603396225,449424712.3561781
-59.2329395489328,449824912.45622814
-59.2331355392301,450225112.55627817
-59.233330580443614,450625312.6563282
-59.23352467867943,451025512.75637823
-59.2337178399947,451425712.85642827
-59.233910070398125,451825912.95647824
-59.23410137585039,452226113.0565283
-59.23429176226467,452626313.1565783
-59.23448123550702,453026513.25662833
-59.23466980139688,453426713.35667837
-59.234857465707485,453826913.4567284
-59.235044234166324,454227113.55677843
-59.23523011245555,454627313.65682846
-59.23541510621243,455027513.7568785
-59.23559922102976,455427713.85692847
-59.23578246245629,455827913.9569785
-59.23596483599714,456228114.05702853
-59.236146347114186,456628314.15707856
-59.236327001226506,457028514.2571286
-59.236506803710746,457428714.3571786
-59.23668575990154,457828914.45722866
-59.236863875091885,458229114.5572787
-59.23704115453356,458629314.65732867
-59.237217603437465,459029514.7573787
-59.23739322697403,459429714.8574287
-59.2375680302736,459829914.95747876
-59.237742018426786,460230115.0575288
-59.237915196484835,460630315.1575788
-59.23808756946,461030515.25762886
-59.2382591423259,461430715.3576789
-59.238429920017886,461830915.4577289
-59.23859990743337,462231115.5577789
-59.23876910943218,462631315.6578289
-59.23893753083693,463031515.75787896
-59.23910517643332,463431715.857929
-59.23927205097052,463831915.957979
-59.239438159161466,464232116.05802906
-59.2396035056832,464632316.1580791
-59.239768095177205,465032516.2581291
-59.23993193224973,465432716.3581791
-59.2400950214721,465832916.4582291
-59.240257367381034,466233116.55827916
-59.240418974478956,466633316.6583292
-59.240579847234336,467033516.7583792
-59.240739990081934,467433716.85842925
-59.24089940742317,467833916.9584793
-59.241058103626386,468234117.0585293
-59.24121608302714,468634317.1585793
-59.24137334992853,469034517.2586293
-59.24152990860146,469434717.35867935
-59.24168576328493,469834917.4587294
-59.24184091818632,470235117.5587794
-59.24199537748171,470635317.65882945
-59.24214914531609,471035517.7588795
-59.24230222580369,471435717.8589295
-59.242454623028244,471835917.95897955
-59.242606341043235,472236118.0590295
-59.242757383872195,472636318.15907955
-59.24290775550895,473036518.2591296
-59.2430574599179,473436718.3591796
-59.24320650103424,473836918.45922965
-59.243354882764265,474237118.5592797
-59.24350260898561,474637318.6593297
-59.24364968354746,475037518.75937974
-59.24379611027088,475437718.8594297
-59.24394189294898,475837918.95947975
-59.244087035347206,476238119.0595298
-59.244231541203575,476638319.1595798
-59.2443754142289,477038519.25962985
-59.24451865810704,477438719.3596799
-59.24466127649513,477838919.4597299
-59.24480327302381,478239119.55977994
-59.244944651297466,478639319.65983
-59.24508541489444,479039519.75987995
-59.24522556736727,479439719.85993
-59.245365112242894,479839919.95998
-59.2455040530229,480240120.06003004
-59.245642393183715,480640320.1600801
-59.24578013617684,481040520.2601301
-59.24591728542906,481440720.36018014
-59.24605384434264,481840920.4602302
-59.246189816295555,482241120.56028014
-59.2463252046417,482641320.6603302
-59.24646001271107,483041520.7603802
-59.24659424380999,483441720.86043024
-59.2467279012213,483841920.9604803
-59.24686098820456,484242121.0605303
-59.24699350799626,484642321.16058034
-59.24712546380999,485042521.26063037
-59.24725685883664,485442721.36068034
-59.24738769624463,485842921.4607304
-59.24751797918003,486243121.5607804
-59.24764771076682,486643321.66083044
-59.24777689410702,487043521.7608805
-59.2479055322809,487443721.8609305
-59.24803362834719,487843921.96098053
-59.24816118534317,488244122.06103057
-59.248288206284975,488644322.1610806
-59.24841469416766,489044522.2611306
-59.248540651965435,489444722.3611806
-59.24866608263184,489844922.46123064
-59.248790989099895,490245122.56128067
-59.24891537428226,490645322.6613307
-59.24903924107146,491045522.76138073
-59.24916259233997,491445722.86143076
-59.24928543094046,491845922.9614808
-59.24940775970591,492246123.06153077
-59.249529581449785,492646323.1615808
-59.2496508989662,493046523.26163083
-59.249771715030086,493446723.36168087
-59.24989203239732,493846923.4617309
-59.250011853804914,494247123.5617809
-59.25013118197114,494647323.66183096
-59.250250019595725,495047523.761881
-59.25036836935995,495447723.861931
-59.25048623392683,495847923.961981
-59.25060361594128,496248124.06203103
-59.25072051803023,496648324.16208106
-59.25083694280277,497048524.2621311
-59.25095289285033,497448724.3621811
-59.251068370746786,497848924.46223116
-59.25118337904863,498249124.5622812
-59.2512979202951,498649324.6623312
-59.2514119970083,499049524.7623812
-59.25152561169337,499449724.8624312
-59.251638766838596,499849924.96248126
-59.251751464915586,500250125.0625313
-59.25186370837934,500650325.1625813
-59.25197549966844,501050525.26263136
-59.25208684120517,501450725.3626814
-59.25219773539562,501850925.4627314
-59.252308184629825,502251125.5627814
-59.25241819128193,502651325.6628314
-59.252527757710276,503051525.76288146
-59.25263688625752,503451725.8629315
-59.2527455792508,503851925.9629815
-59.25285383900182,504252126.06303155
-59.25296166780701,504652326.1630816
-59.253069067947585,505052526.2631316
-59.25317604168975,505452726.36318165
-59.25328259128474,505852926.4632316
-59.25338871896899,506253126.56328166
-59.25349442696423,506653326.6633317
-59.2535997174776,507053526.7633817
-59.253704592701766,507453726.86343175
-59.25380905481505,507853926.9634818
-59.25391310598152,508254127.0635318
-59.2540167483511,508654327.16358185
-59.254119984059706,509054527.2636318
-59.25422281522934,509454727.36368185
-59.254325243968196,509854927.4637319
-59.254427272370755,510255127.5637819
-59.254528902517926,510655327.66383195
-59.25463013647713,511055527.763882
-59.254730976302405,511455727.863932
-59.2548314240345,511855927.96398205
-59.254931481701,512256128.0640321
-59.25503115131643,512656328.16408205
-59.25513043488231,513056528.2641321
-59.25522933438732,513456728.3641821
-59.25532785180735,513856928.46423215
-59.25542598910562,514257128.5642822
-59.25552374823277,514657328.6643322
-59.25562113112696,515057528.76438224
-59.25571813971396,515457728.8644323
-59.255814775907275,515857928.96448225
-59.25591104160818,516258129.0645323
-59.25600693870585,516658329.1645823
-59.256102469077476,517058529.26463234
-59.2561976345883,517458729.3646824
-59.256292437091744,517858929.4647324
-59.256386878429495,518259129.56478244
-59.25648096043159,518659329.6648325
-59.256574684916494,519059529.76488245
-59.2566680536912,519459729.8649325
-59.25676106855133,519859929.9649825
-59.25685373128117,520260130.06503254
-59.25694604365382,520660330.1650826
-59.257038007431234,521060530.2651326
-59.25712962436431,521460730.36518264
-59.257220896193,521860930.4652327
-59.25731182464635,522261130.5652827
-59.25740241144262,522661330.6653327
-59.25749265828933,523061530.7653827
-59.257582566883386,523461730.86543274
-59.257672138911104,523861930.9654828
-59.257761376048336,524262131.0655328
-59.257850279960515,524662331.16558284
-59.25793885230276,525062531.26563287
-59.258027094719914,525462731.3656829
-59.25811500884668,525862931.4657329
-59.25820259630763,526263131.5657829
-59.258289858717326,526663331.66583294
-59.25837679768038,527063531.76588297
-59.25846341479151,527463731.865933
-59.258549711635645,527863931.96598303
-59.25863568978798,528264132.06603307
-59.25872135081404,528664332.1660831
-59.25880669626977,529064532.26613307
-59.25889172770159,529464732.3661831
-59.25897644664646,529864932.46623313
-59.25906085463197,530265132.56628317
-59.2591449531764,530665332.6663332
-59.25922874378878,531065532.76638323
-59.25931222796896,531465732.86643326
-59.259395407207684,531865932.9664833
-59.259478282986656,532266133.0665333
-59.259560856778585,532666333.1665833
-59.25964313004729,533066533.26663333
-59.259725104247714,533466733.36668336
-59.25980678082605,533866933.4667334
-59.25988816121972,534267133.5667834
-59.259969246857544,534667333.66683346
-59.26005003915971,535067533.7668835
-59.26013053953788,535467733.8669335
-59.26021074939525,535867933.9669835
-59.260290670126594,536268134.0670335
-59.26037030311834,536668334.16708356
-59.26044964974863,537068534.2671336
-59.260528711387366,537468734.3671836
-59.26060748939627,537868934.4672337
-59.26068598512897,538269134.5672836
-59.260764199931025,538669334.6673337
-59.260842135139995,539069534.7673837
-59.26091979208549,539469734.8674338
-59.26099717208925,539869934.9674838
-59.261074276465166,540270135.0675339
-59.26115110651938,540670335.1675838
-59.26122766355029,541070535.2676338
-59.26130394884863,541470735.3676839
-59.26137996369754,541870935.4677339
-59.26145570937261,542271135.567784
-59.26153118714189,542671335.6678339
-59.261606398266004,543071535.767884
-59.261681343998184,543471735.867934
-59.2617560255843,543871935.9679841
-59.26183044426293,544272136.068034
-59.261904601265414,544672336.168084
-59.261978497815896,545072536.2681341
-59.26205213513138,545472736.3681841
-59.26212551442177,545872936.4682342
-59.262198636889934,546273136.5682842
-59.262271503731746,546673336.6683342
-59.262344116136134,547073536.7683842
-59.26241647528512,547473736.8684343
-59.26248858235388,547873936.9684843
-59.26256043851081,548274137.0685343
-59.26263204491751,548674337.1685843
-59.26270340272892,549074537.2686343
-59.26277451309327,549474737.3686844
-59.26284537715222,549874937.4687344
-59.26291599604082,550275137.5687845
-59.262986370887624,550675337.6688344
-59.2630565028147,551075537.7688844
-59.26312639293767,551475737.8689345
-59.26319604236578,551875937.9689845
-59.263265452201914,552276138.0690346
-59.26333462354267,552676338.1690845
-59.26340355747836,553076538.2691346
-59.26347225509311,553476738.3691846
-59.26354071746485,553876938.4692347
-59.263608945665375,554277138.5692847
-59.263676940760405,554677338.6693347
-59.2637447038096,555077538.7693847
-59.2638122358666,555477738.8694347
-59.26387953797911,555877938.9694848
-59.26394661118887,556278139.0695348
-59.26401345653176,556678339.1695849
-59.26408007503779,557078539.2696348
-59.26414646773119,557478739.3696849
-59.264212635630386,557878939.4697349
-59.264278579748115,558279139.5697849
-59.26434430109139,558679339.669835
-59.26440980066159,559079539.769885
-59.264475079454456,559479739.869935
-59.26454013846019,559879939.969985
-59.26460497866342,560280140.0700351
-59.26466960104329,560680340.1700851
-59.264734006573455,561080540.270135
-59.26479819622218,561480740.3701851
-59.2648621709523,561880940.4702351
-59.264925931721315,562281140.5702852
-59.26498947948139,562681340.6703352
-59.26505281517942,563081540.7703853
-59.26511593975703,563481740.8704352
-59.26517885415065,563881940.9704853
-59.265241559291496,564282141.0705353
-59.26530405610568,564682341.1705853
-59.26536634551417,565082541.2706354
-59.26542842843286,565482741.3706853
-59.265490305772616,565882941.4707354
-59.26555197843926,566283141.5707854
-59.26561344733368,566683341.6708355
-59.265674713351764,567083541.7708855
-59.26573577738453,567483741.8709356
-59.26579664031808,567883941.9709855
-59.265857303033705,568284142.0710355
-59.26591776640784,568684342.1710856
-59.26597803131216,569084542.2711356
-59.26603809861357,569484742.3711857
-59.26609796917426,569884942.4712356
-59.26615764385172,570285142.5712857
-59.266217123498784,570685342.6713357
-59.26627640896365,571085542.7713857
-59.26633550108991,571485742.8714358
-59.2663944007166,571885942.9714857
-59.26645310867819,572286143.0715358
-59.26651162580466,572686343.1715858
-59.26656995292149,573086543.2716359
-59.26662809084971,573486743.3716859
-59.26668604040592,573886943.471736
-59.26674380240234,574287143.5717859
-59.2668013776468,574687343.6718359
-59.266858766942796,575087543.771886
-59.26691597108952,575487743.871936
-59.26697299088186,575887943.971986
-59.26702982711047,576288144.072036
-59.26708648056176,576688344.1720861
-59.26714295201793,577088544.2721361
-59.267199242257014,577488744.3721862
-59.2672553520529,577888944.4722362
-59.26731128217534,578289144.5722861
-59.26736703339,578689344.6723362
-59.267422606458474,579089544.7723862
-59.26747800213831,579489744.8724363
-59.26753322118302,579889944.9724863
-59.26758826434216,580290145.0725363
-59.267643132361286,580690345.1725863
-59.26769782598201,581090545.2726364
-59.26775234594206,581490745.3726864
-59.26780669297522,581890945.4727364
-59.26786086781146,582291145.5727865
-59.26791487117686,582691345.6728364
-59.26796870379371,583091545.7728865
-59.268022366380485,583491745.8729365
-59.2680758596519,583891945.9729866
-59.26812918431892,584292146.0730366
-59.26818234108878,584692346.1730865
-59.268235330665014,585092546.2731366
-59.268288153747484,585492746.3731866
-59.268340811032395,585892946.4732367
-59.268393303212314,586293146.5732867
-59.2684456309762,586693346.6733367
-59.26849779500944,587093546.7733867
-59.26854979599383,587493746.8734368
-59.26860163460764,587893946.9734868
-59.268653311525625,588294147.0735368
-59.26870482741903,588694347.1735868
-59.26875618295562,589094547.2736368
-59.268807378799714,589494747.3736869
-59.2688584156122,589894947.4737369
-59.26890929405055,590295147.573787
-59.26896001476884,590695347.673837
-59.26901057841776,591095547.773887
-59.2690609856447,591495747.873937
-59.26911123709367,591895947.973987
-59.26916133340539,592296148.0740371
-59.26921127521731,592696348.174087
-59.26926106316357,593096548.2741371
-59.269310697875106,593496748.3741871
-59.2693601799796,593896948.4742372
-59.26940951010153,594297148.5742872
-59.269458688862194,594697348.6743371
-59.269507716879716,595097548.7743872
-59.269556594769064,595497748.8744372
-59.26960532314208,595897948.9744873
-59.2696539026075,596298149.0745373
-59.26970233377097,596698349.1745874
-59.26975061723505,597098549.2746373
-59.26979875359924,597498749.3746874
-59.26984674346003,597898949.4747374
-59.26989458741087,598299149.5747874
-59.269942286042216,598699349.6748375
-59.26998983994155,599099549.7748874
-59.27003724969338,599499749.8749375
-59.27008451587927,599899949.9749875
-59.27013163907786,600300150.0750376
-59.27017861986488,600700350.1750876
-59.270225458813165,601100550.2751377
-59.27027215649267,601500750.3751876
-59.270318713470516,601900950.4752376
-59.27036513031095,602301150.5752877
-59.270411407575416,602701350.6753377
-59.270457545822545,603101550.7753878
-59.27050354560818,603501750.8754377
-59.27054940748538,603901950.9754878
-59.27059513200447,604302151.0755378
-59.27064071971303,604702351.1755878
-59.27068617115588,605102551.2756379
-59.270731486875185,605502751.3756878
-59.27077666741039,605902951.4757379
-59.270821713298254,606303151.5757879
-59.270866625072905,606703351.675838
-59.270911403265806,607103551.775888
-59.27095604840581,607503751.875938
-59.27100056101913,607903951.975988
-59.271044941629405,608304152.076038
-59.27108919075769,608704352.1760881
-59.27113330892247,609104552.2761381
-59.27117729663967,609504752.3761882
-59.27122115442269,609904952.4762381
-59.271264882782404,610305152.5762882
-59.271308482227184,610705352.6763382
-59.2713519532629,611105552.7763883
-59.27139529639296,611505752.8764383
-59.27143851211829,611905952.9764882
-59.271481600937385,612306153.0765383
-59.271524563346304,612706353.1765883
-59.27156739983867,613106553.2766384
-59.271610110905726,613506753.3766884
-59.271652697036295,613906953.4767385
-59.27169515871685,614307153.5767884
-59.271737496431484,614707353.6768384
-59.271779710661946,615107553.7768885
-59.27182180188764,615507753.8769385
-59.271863770585654,615907953.9769886
-59.27190561723078,616308154.0770385
-59.27194734229548,616708354.1770886
-59.27198894624997,617108554.2771386
-59.27203042956218,617508754.3771887
-59.27207179269778,617908954.4772387
-59.2721130361202,618309154.5772886
-59.272154160290654,618709354.6773387
-59.27219516566811,619109554.7773887
-59.27223605270936,619509754.8774388
-59.272276821868985,619909954.9774888
-59.272317473599394,620310155.0775388
-59.272358008350835,620710355.1775888
-59.272398426571385,621110555.2776389
-59.272438728707,621510755.3776889
-59.27247891520149,621910955.4777389
-59.27251898649656,622311155.577789
-59.27255894303179,622711355.6778389
-59.27259878524469,623111555.777889
-59.27263851357067,623511755.877939
-59.27267812844309,623911955.9779891
-59.27271763029323,624312156.078039
-59.27275701955034,624712356.1780891
-59.27279629664162,625112556.2781391
-59.27283546199228,625512756.3781891
-59.27287451602547,625912956.4782392
-59.27291345916238,626313156.5782892
-59.27295229182219,626713356.6783392
-59.27299101442212,627113556.7783892
-59.2730296273774,627513756.8784393
-59.27306813110132,627913956.9784893
-59.273106526005236,628314157.0785393
-59.27314481249854,628714357.1785893
-59.27318299098874,629114557.2786393
-59.2732210618814,629514757.3786894
-59.273259025580195,629914957.4787394
-59.27329688248692,630315157.5787895
-59.273334633001475,630715357.6788394
-59.273372277521894,631115557.7788895
-59.273409816444364,631515757.8789395
-59.273447250163215,631915957.9789895
-59.27348457907093,632316158.0790396
-59.27352180355819,632716358.1790895
-59.27355892401383,633116558.2791396
-59.2735959408249,633516758.3791896
-59.273632854376636,633916958.4792397
-59.2736696650525,634317158.5792897
-59.27370637323418,634717358.6793398
-59.273742979301566,635117558.7793897
-59.273779483632836,635517758.8794397
-59.27381588660438,635917958.9794898
-59.27385218859088,636318159.0795398
-59.27388838996527,636718359.1795899
-59.27392449109877,637118559.2796398
-59.2739604923609,637518759.3796899
-59.273996394119465,637918959.4797399
-59.274032196740585,638319159.5797899
-59.274067900588705,638719359.67984
-59.27410350602659,639119559.77989
-59.27413901341535,639519759.87994
-59.27417442311443,639919959.97999
-59.27420973548165,640320160.0800401
-59.27424495087316,640720360.1800901
-59.274280069643524,641120560.2801402
-59.27431509214566,641520760.3801901
-59.274350018730885,641920960.4802401
-59.27438484974893,642321160.5802902
-59.274419585547896,642721360.6803402
-59.27445422647434,643121560.7803903
-59.27448877287324,643521760.8804402
-59.27452322508799,643921960.9804903
-59.274557583460435,644322161.0805403
-59.27459184833088,644722361.1805904
-59.27462602003807,645122561.2806404
-59.27466009891925,645522761.3806903
-59.27469408531011,645922961.4807404
-59.27472797954484,646323161.5807904
-59.27476178195613,646723361.6808405
-59.27479549287514,647123561.7808905
-59.27482911263158,647523761.8809406
-59.274862641553646,647923961.9809905
-59.27489607996808,648324162.0810405
-59.27492942820014,648724362.1810906
-59.27496268657364,649124562.2811406
-59.27499585541093,649524762.3811907
-59.27502893503292,649924962.4812406
-59.2750619257591,650325162.5812907
-59.2750948279075,650725362.6813407
-59.27512764179476,651125562.7813908
-59.275160367736106,651525762.8814408
-59.27519300604533,651925962.9814907
-59.27522555703485,652326163.0815408
-59.2752580210157,652726363.1815908
-59.27529039829751,653126563.2816409
-59.27532268918855,653526763.3816909
-59.27535489399571,653926963.481741
-59.27538701302453,654327163.5817909
-59.275419046579195,654727363.681841
-59.27545099496255,655127563.781891
-59.27548285847607,655527763.881941
-59.27551463741993,655927963.981991
-59.27554633209298,656328164.082041
-59.27557794279273,656728364.1820911
-59.27560946981539,657128564.2821411
-59.27564091345588,657528764.3821912
-59.275672274007796,657928964.4822412
-59.27570355176346,658329164.5822912
-59.27573474701391,658729364.6823412
-59.2757658600489,659129564.7823912
-59.275796891156915,659529764.8824413
-59.27582784062519,659929964.9824913
-59.27585870873969,660330165.0825413
-59.27588949578512,660730365.1825913
-59.27592020204497,661130565.2826414
-59.275950827801466,661530765.3826914
-59.27598137333562,661930965.4827414
-59.27601183892721,662331165.5827914
-59.27604222485479,662731365.6828414
-59.276072531395734,663131565.7828915
-59.27610275882616,663531765.8829415
-59.276132907421044,663931965.9829916
-59.27616297745412,664332166.0830415
-59.276192969197965,664732366.1830916
-59.27622288292397,665132566.2831416
-59.276252718902334,665532766.3831916
-59.27628247740211,665932966.4832417
-59.27631215869119,666333166.5832916
-59.276341763036285,666733366.6833417
-59.27637129070299,667133566.7833917
-59.27640074195572,667533766.8834418
-59.27643011705778,667933966.9834918
-59.27645941627132,668334167.0835419
-59.2764886398574,668734367.1835918
-59.27651778807591,669134567.2836418
-59.27654686118565,669534767.3836919
-59.27657585944433,669934967.4837419
-59.27660478310852,670335167.583792
-59.276633632433715,670735367.683842
-59.27666240767431,671135567.783892
-59.27669110908361,671535767.883942
-59.276719736913854,671935967.983992
-59.27674829141618,672336168.0840421
-59.27677677284069,672736368.184092
-59.276805181436394,673136568.2841421
-59.276833517451244,673536768.3841921
-59.27686178113215,673936968.4842422
-59.27688997272497,674337168.5842922
-59.27691809247452,674737368.6843423
-59.27694614062457,675137568.7843922
-59.276974117417865,675537768.8844422
-59.277002023096124,675937968.9844923
-59.27702985790004,676338169.0845423
-59.277057622069286,676738369.1845924
-59.277085315842534,677138569.2846423
-59.27711293945744,677538769.3846924
-59.27714049315066,677938969.4847424
-59.27716797715785,678339169.5847925
-59.27719539171369,678739369.6848425
-59.27722273705185,679139569.7848924
-59.27725001340504,679539769.8849425
-59.27727722100499,679939969.9849925
-59.27730436008243,680340170.0850426
-59.27733143086717,680740370.1850926
-59.27735843358803,681140570.2851427
-59.27738536847286,681540770.3851926
-59.2774122357486,681940970.4852426
-59.2774390356412,682341170.5852927
-59.27746576837569,682741370.6853427
-59.27749243417616,683141570.7853928
-59.27751903326576,683541770.8854427
-59.27754556586671,683941970.9854928
-59.27757203220032,684342171.0855428
-59.277598432486954,684742371.1855929
-59.2776247669461,685142571.2856429
-59.277651035796296,685542771.3856928
-59.277677239255205,685942971.4857429
-59.27770337753957,686343171.5857929
-59.27772945086523,686743371.685843
-59.277755459447164,687143571.785893
-59.27778140349944,687543771.885943
-59.277807283235234,687943971.985993
-59.277833098866864,688344172.0860431
-59.27785885060576,688744372.1860931
-59.277884538662484,689144572.2861431
-59.27791016324674,689544772.3861932
-59.27793572456736,689944972.4862431
-59.27796122283231,690345172.5862932
-59.27798665824873,690745372.6863432
-59.27801203102288,691145572.7863933
-59.278037341360196,691545772.8864433
-59.27806258946527,691945972.9864933
-59.27808777554185,692346173.0865433
-59.278112899792845,692746373.1865933
-59.27813796242036,693146573.2866434
-59.27816296362565,693546773.3866934
-59.278187903609165,693946973.4867435
-59.27821278257053,694347173.5867934
-59.27823760070856,694747373.6868435
-59.278262358221255,695147573.7868935
-59.27828705530583,695547773.8869435
-59.27831169215869,695947973.9869936
-59.278336268975416,696348174.0870435
-59.27836078595084,696748374.1870936
-59.278385243278976,697148574.2871436
-59.27840964115306,697548774.3871937
-59.27843397976555,697948974.4872437
-59.27845825930813,698349174.5872937
-59.27848247997169,698749374.6873437
-59.27850664194637,699149574.7873937
-59.27853074542154,699549774.8874438
-59.2785547905858,699949974.9874938
-59.278578777627,700350175.0875438
-59.27860270673222,700750375.1875938
-59.27862657808781,701150575.2876439
-59.278650391879346,701550775.3876939
-59.278674148291685,701950975.487744
-59.27869784750892,702351175.587794
-59.278721489714435,702751375.6878439
-59.278745075090846,703151575.787894
-59.27876860382006,703551775.887944
-59.278792076083256,703951975.9879941
-59.27881549206088,704352176.088044
-59.27883885193267,704752376.1880941
-59.27886215587764,705152576.2881441
-59.278885404074096,705552776.3881941
-59.278908596699615,705952976.4882442
-59.2789317339311,706353176.5882941
-59.278954815944736,706753376.6883442
-59.278977842916,707153576.7883942
-59.27900081501968,707553776.8884443
-59.27902373242986,707953976.9884943
-59.279046595319976,708354177.0885444
-59.279069403862714,708754377.1885943
-59.279092158230135,709154577.2886443
-59.27911485859357,709554777.3886944
-59.27913750512373,709954977.4887444
-59.27916009799059,710355177.5887945
-59.279182637363505,710755377.6888444
-59.27920512341113,711155577.7888945
-59.279227556301485,711555777.8889445
-59.2792499362019,711955977.9889946
-59.279272263279076,712356178.0890446
-59.27929453769902,712756378.1890945
-59.27931675962714,713156578.2891446
-59.27933892922815,713556778.3891946
-59.279361046666146,713956978.4892447
-59.27938311210456,714357178.5892947
-59.27940512570621,714757378.6893448
-59.27942708763325,715157578.7893947
-59.27944899804723,715557778.8894447
-59.27947085710904,715957978.9894948
-59.27949266497896,716358179.0895448
-59.27951442181665,716758379.1895949
-59.27953612778113,717158579.2896448
-59.279557783030825,717558779.3896949
-59.279579387723516,717958979.4897449
-59.279600942016394,718359179.589795
-59.279622446066035,718759379.689845
-59.279643900028404,719159579.7898949
-59.27966530405885,719559779.889945
-59.27968665831215,719959979.989995
-59.27970796294245,720360180.0900451
-59.27972921810333,720760380.1900951
-59.279750423947746,721160580.2901452
-59.279771580628086,721560780.3901951
-59.27979268829615,721960980.4902452
-59.27981374710313,722361180.5902952
-59.27983475719966,722761380.6903452
-59.27985571873579,723161580.7903953
-59.27987663186098,723561780.8904452
-59.279897496724125,723961980.9904953
-59.27991831347356,724362181.0905453
-59.27993908225702,724762381.1905954
-59.27995980322171,725162581.2906454
-59.27998047651424,725562781.3906953
-59.28000110228068,725962981.4907454
-59.28002168066653,726363181.5907954
-59.280042211816735,726763381.6908455
-59.280062695875685,727163581.7908955
-59.28008313298723,727563781.8909456
-59.28010352329466,727963981.9909955
-59.28012386694073,728364182.0910456
-59.28014416406763,728764382.1910956
-59.28016441481703,729164582.2911456
-59.28018461933005,729564782.3911957
-59.280204777747294,729964982.4912456
-59.28022489020879,730365182.5912957
-59.28024495685409,730765382.6913457
-59.28026497782217,731165582.7913958
-59.2802849532515,731565782.8914458
-59.28030488328003,731965982.9914958
-59.280324768045176,732366183.0915458
-59.280344607683844,732766383.1915958
-59.28036440233242,733166583.2916459
-59.28038415212677,733566783.3916959
-59.28040385720226,733966983.491746
-59.280423517693734,734367183.5917959
-59.28044313373554,734767383.691846
-59.2804627054615,735167583.791896
-59.28048223300496,735567783.8919461
-59.28050171649875,735967983.991996
-59.28052115607519,736368184.092046
-59.28054055186613,736768384.1920961
-59.280559904002914,737168584.2921461
-59.28057921261638,737568784.3921962
-59.280598477836904,737968984.4922462
-59.280617699794355,738369184.5922962
-59.28063687861811,738769384.6923462
-59.28065601443709,739169584.7923962
-59.28067510737971,739569784.8924463
-59.28069415757391,739969984.9924963
-59.280713165147176,740370185.0925463
-59.28073213022649,740770385.1925963
-59.28075105293837,741170585.2926464
-59.28076993340888,741570785.3926964
-59.28078877176359,741970985.4927465
-59.28080756812762,742371185.5927964
-59.28082632262563,742771385.6928464
-59.2808450353818,743171585.7928965
-59.280863706519874,743571785.8929465
-59.28088233616311,743971985.9929966
-59.280900924434334,744372186.0930465
-59.28091947145591,744772386.1930966
-59.280937977349744,745172586.2931466
-59.280956442237304,745572786.3931967
-59.280974866239596,745972986.4932467
-59.28099324947719,746373186.5932966
-59.28101159207021,746773386.6933467
-59.281029894138335,747173586.7933967
-59.28104815580082,747573786.8934468
-59.281066377176444,747973986.9934968
-59.2810845583836,748374187.0935469
-59.281102699540206,748774387.1935968
-59.281120800763766,749174587.2936468
-59.281138862171346,749574787.3936969
-59.2811568838796,749974987.4937469
-59.28117486600473,750375187.593797
-59.28119280866254,750775387.693847
-59.28121071196839,751175587.793897
-59.28122857603722,751575787.893947
-59.28124640098357,751975987.9939971
-59.28126418692155,752376188.0940471
-59.281281933964834,752776388.194097
-59.28129964222672,753176588.2941471
-59.28131731182008,753576788.3941971
-59.28133494285736,753976988.4942472
-59.28135253545062,754377188.5942972
-59.2813700897115,754777388.6943473
-59.281387605751235,755177588.7943972
-59.28140508368067,755577788.8944473
-59.281422523610225,755977988.9944973
-59.28143992564995,756378189.0945473
-59.28145728990947,756778389.1945974
-59.28147461649803,757178589.2946473
-59.28149190552448,757578789.3946974
-59.281509157097275,757978989.4947474
-59.28152637132447,758379189.5947975
-59.281543548313735,758779389.6948475
-59.28156068817237,759179589.7948974
-59.281577791007265,759579789.8949475
-59.28159485692494,759979989.9949975
-59.28161188603153,760380190.0950476
-59.28162887843277,760780390.1950976
-59.281645834234055,761180590.2951477
-59.28166275354037,761580790.3951976
-59.28167963645633,761980990.4952477
-59.281696483086186,762381190.5952977
-59.28171329353381,762781390.6953477
-59.2817300679027,763181590.7953978
-59.28174680629598,763581790.8954477
-59.28176350881642,763981990.9954978
-59.28178017556642,764382191.0955478
-59.281796806647996,764782391.1955979
-59.28181340216283,765182591.2956479
-59.28182996221222,765582791.395698
-59.281846486897116,765982991.4957479
-59.2818629763181,766383191.5957979
-59.28187943057541,766783391.695848
-59.28189584976891,767183591.795898
-59.28191223399812,767583791.895948
-59.28192858336221,767983991.995998
-59.28194489796,768384192.0960481
-59.28196117788995,768784392.1960981
-59.281977423250176,769184592.2961482
-59.28199363413846,769584792.3961982
-59.28200981065221,769984992.4962481
-59.282025952888525,770385192.5962982
-59.282042060944136,770785392.6963482
-59.282058134915445,771185592.7963983
-59.282074174898504,771585792.8964483
-59.282090180989044,771985992.9964983
-59.28210615328244,772386193.0965483
-59.28212209187375,772786393.1965983
-59.282137996857685,773186593.2966484
-59.28215386832863,773586793.3966984
-59.28216970638063,773986993.4967484
-59.282185511107414,774387193.5967984
-59.28220128260238,774787393.6968485
-59.28221702095859,775187593.7968985
-59.28223272626878,775587793.8969486
-59.282248398625384,775987993.9969985
-59.28226403812049,776388194.0970485
-59.282279644845865,776788394.1970986
-59.28229521889297,777188594.2971486
-59.282310760352935,777588794.3971987
-59.282326269316584,777988994.4972486
-59.28234174587441,778389194.5972987
-59.28235719011661,778789394.6973487
-59.28237260213306,779189594.7973988
-59.282387982013304,779589794.8974488
-59.28240332984661,779989994.9974988
-59.28241864572191,780390195.0975488
-59.282433929727844,780790395.1975988
-59.28244918195273,781190595.2976489
-59.28246440248459,781590795.3976989
-59.28247959141114,781990995.497749
-59.2824947488198,782391195.597799
-59.282509874797675,782791395.6978489
-59.28252496943157,783191595.797899
-59.28254003280801,783591795.897949
-59.28255506501319,783991995.9979991
-59.28257006613304,784392196.098049
-59.28258503625317,784792396.1980991
-59.282599975458915,785192596.2981491
-59.2826148838353,785592796.3981992
-59.28262976146707,785992996.4982492
-59.282644608438666,786393196.5982991
-59.282659424834264,786793396.6983492
-59.28267421073772,787193596.7983992
-59.28268896623262,787593796.8984493
-59.28270369140227,787993996.9984993
-59.28271838632968,788394197.0985494
-59.28273305109757,788794397.1985993
-59.2827476857884,789194597.2986494
-59.28276229048433,789594797.3986994
-59.28277686526724,789994997.4987494
-59.28279141021874,790395197.5987995
-59.28280592542016,790795397.6988494
-59.282820410952546,791195597.7988995
-59.28283486689668,791595797.8989495
-59.28284929333305,791995997.9989996
-59.2828636903419,792396198.0990496
-59.28287805800317,792796398.1990995
-59.28289239639655,793196598.2991496
-59.282906705601455,793596798.3991996
-59.28292098569702,793996998.4992497
-59.282935236762135,794397198.5992997
-59.2829494588754,794797398.6993498
-59.28296365211516,795197598.7993997
-59.28297781655949,795597798.8994498
-59.28299195228621,795997998.9994998
-59.28300605937287,796398199.0995498
-59.28302013789677,796798399.1995999
-59.28303418793493,797198599.2996498
-59.28304820956413,797598799.3996999
-59.28306220286087,797998999.4997499
-59.28307616790141,798399199.5998
-59.28309010476176,798799399.69985
-59.28310401351765,799199599.7999
-59.28311789424458,799599799.89995
-59.28313174701778,800000000.0
