fit_power_watt,frequency_Hz
1.1767326257443097e-09,0.0
1.1767327535835077e-09,400200.10005002504
1.1767328818529422e-09,800400.2001000501
1.1767330105545434e-09,1200600.300150075
1.1767331396902464e-09,1600800.4002001001
1.1767332692620151e-09,2001000.5002501253
1.176733399271818e-09,2401200.60030015
1.176733529721624e-09,2801400.700350175
1.1767336606134161e-09,3201600.8004002003
1.1767337919492067e-09,3601800.9004502255
1.1767339237309976e-09,4002001.0005002506
1.1767340559608107e-09,4402201.100550275
1.1767341886406775e-09,4802401.2006003
1.1767343217726482e-09,5202601.300650326
1.1767344553587784e-09,5602801.40070035
1.1767345894011282e-09,6003001.500750376
1.1767347239017864e-09,6403201.600800401
1.1767348588628375e-09,6803401.700850425
1.1767349942863898e-09,7203601.800900451
1.1767351301745562e-09,7603801.900950476
1.1767352665294693e-09,8004002.001000501
1.1767354033532612e-09,8404202.101050526
1.1767355406480886e-09,8804402.20110055
1.1767356784161125e-09,9204602.301150575
1.1767358166595136e-09,9604802.4012006
1.1767359553804819e-09,10005002.501250627
1.1767360945812174e-09,10405202.601300651
1.1767362342639386e-09,10805402.701350676
1.176736374430865e-09,11205602.8014007
1.1767365150842443e-09,11605802.901450725
1.1767366562263245e-09,12006003.001500752
1.1767367978593726e-09,12406203.101550777
1.1767369399856751e-09,12806403.201600801
1.1767370826075184e-09,13206603.301650826
1.176737225727208e-09,13606803.40170085
1.1767373693470738e-09,14007003.501750877
1.1767375134694311e-09,14407203.601800902
1.1767376580966433e-09,14807403.701850927
1.176737803231064e-09,15207603.801900951
1.1767379488750666e-09,15607803.901950976
1.1767380950310382e-09,16008004.002001002
1.1767382417013859e-09,16408204.102051027
1.176738388888521e-09,16808404.20210105
1.1767385365948793e-09,17208604.302151076
1.1767386848228963e-09,17608804.4022011
1.1767388335750462e-09,18009004.502251126
1.1767389828537936e-09,18409204.60230115
1.176739132661627e-09,18809404.702351175
1.1767392830010445e-09,19209604.8024012
1.1767394338745733e-09,19609804.90245123
1.1767395852847453e-09,20010005.002501253
1.1767397372340973e-09,20410205.102551278
1.1767398897252043e-09,20810405.202601302
1.1767400427606419e-09,21210605.302651327
1.176740196343004e-09,21610805.40270135
1.1767403504748905e-09,22011005.502751376
1.176740505158939e-09,22411205.6028014
1.176740660397787e-09,22811405.702851426
1.1767408161940824e-09,23211605.80290145
1.1767409725505062e-09,23611805.90295148
1.1767411294697393e-09,24012006.003001504
1.1767412869544918e-09,24412206.10305153
1.1767414450074836e-09,24812406.203101553
1.1767416036314485e-09,25212606.303151578
1.1767417628291399e-09,25612806.403201602
1.1767419226033304e-09,26013006.503251627
1.1767420829568024e-09,26413206.60330165
1.1767422438923669e-09,26813406.703351676
1.1767424054128348e-09,27213606.8034017
1.176742567521051e-09,27613806.903451726
1.1767427302198702e-09,28014007.003501754
1.176742893512156e-09,28414207.10355178
1.1767430574008114e-09,28814407.203601804
1.1767432218887289e-09,29214607.30365183
1.1767433869788453e-09,29614807.403701853
1.1767435526741011e-09,30015007.503751878
1.1767437189774474e-09,30415207.603801902
1.1767438858918782e-09,30815407.703851927
1.1767440534203873e-09,31215607.80390195
1.1767442215659836e-09,31615807.903951976
1.176744390331704e-09,32016008.004002005
1.1767445597206004e-09,32416208.10405203
1.176744729735744e-09,32816408.204102054
1.1767449003802296e-09,33216608.30415208
1.176745071657167e-09,33616808.4042021
1.1767452435696805e-09,34017008.50425213
1.1767454161209226e-09,34417208.60430215
1.1767455893140606e-09,34817408.70435218
1.1767457631522764e-09,35217608.8044022
1.1767459376387807e-09,35617808.90445223
1.1767461127768033e-09,36018009.00450225
1.1767462885695933e-09,36418209.10455228
1.1767464650204096e-09,36818409.2046023
1.1767466421325496e-09,37218609.304652326
1.1767468199093151e-09,37618809.40470235
1.1767469983540375e-09,38019009.504752375
1.1767471774700668e-09,38419209.6048024
1.1767473572607822e-09,38819409.70485243
1.1767475377295628e-09,39219609.80490246
1.1767477188798263e-09,39619809.90495248
1.1767479007150096e-09,40020010.005002506
1.1767480832385784e-09,40420210.10505253
1.1767482664539938e-09,40820410.205102555
1.1767484503647647e-09,41220610.30515258
1.1767486349744198e-09,41620810.405202605
1.1767488202865017e-09,42021010.50525263
1.1767490063045675e-09,42421210.605302654
1.176749193032223e-09,42821410.70535268
1.1767493804730683e-09,43221610.8054027
1.1767495686307574e-09,43621810.90545273
1.1767497575089291e-09,44022011.00550275
1.1767499471112707e-09,44422211.10555278
1.1767501374415032e-09,44822411.2056028
1.1767503285033423e-09,45222611.30565283
1.1767505203005482e-09,45622811.40570285
1.176750712836894e-09,46023011.50575288
1.1767509061161924e-09,46423211.6058029
1.1767511001422608e-09,46823411.705852926
1.17675129491895e-09,47223611.80590296
1.1767514904501491e-09,47623811.90595298
1.176751686739743e-09,48024012.00600301
1.1767518837916692e-09,48424212.10605303
1.1767520816098796e-09,48824412.20610306
1.1767522801983506e-09,49224612.30615308
1.1767524795610818e-09,49624812.406203106
1.1767526797021027e-09,50025012.50625313
1.1767528806254804e-09,50425212.606303155
1.1767530823352876e-09,50825412.70635318
1.176753284835635e-09,51225612.806403205
1.1767534881306574e-09,51625812.90645323
1.1767536922245236e-09,52026013.006503254
1.1767538971214215e-09,52426213.10655328
1.176754102825563e-09,52826413.2066033
1.1767543093411985e-09,53226613.30665333
1.176754516672612e-09,53626813.40670335
1.176754724824088e-09,54027013.50675338
1.1767549337999634e-09,54427213.6068034
1.1767551436045949e-09,54827413.70685343
1.1767553542423767e-09,55227613.80690345
1.1767555657177187e-09,55627813.906953484
1.1767557780350734e-09,56028014.00700351
1.1767559911989078e-09,56428214.10705353
1.176756205213742e-09,56828414.20710356
1.1767564200840864e-09,57228614.30715358
1.1767566358145332e-09,57628814.40720361
1.1767568524096603e-09,58029014.50725363
1.1767570698740983e-09,58429214.60730366
1.1767572882125168e-09,58829414.70735368
1.1767575074295897e-09,59229614.807403706
1.1767577275300488e-09,59629814.90745373
1.1767579485186307e-09,60030015.007503755
1.1767581704001349e-09,60430215.10755378
1.1767583931793703e-09,60830415.207603805
1.1767586168611935e-09,61230615.30765383
1.1767588414504765e-09,61630815.407703854
1.1767590669521432e-09,62031015.50775388
1.176759293371133e-09,62431215.6078039
1.1767595207124326e-09,62831415.70785393
1.1767597489810577e-09,63231615.80790395
1.1767599781820536e-09,63631815.90795398
1.1767602083205126e-09,64032016.00800401
1.1767604394015523e-09,64432216.108054034
1.176760671430318e-09,64832416.20810406
1.176760904412004e-09,65232616.308154084
1.1767611383518382e-09,65632816.40820411
1.1767613732550718e-09,66033016.50825413
1.17676160912701e-09,66433216.60830416
1.1767618459729863e-09,66833416.70835418
1.1767620837983633e-09,67233616.8084042
1.1767623226085515e-09,67633816.90845422
1.1767625624090047e-09,68034017.00850426
1.1767628032051868e-09,68434217.10855429
1.176763045002624e-09,68834417.2086043
1.1767632878068854e-09,69234617.30865434
1.1767635316235603e-09,69634817.40870436
1.1767637764582805e-09,70035017.50875439
1.1767640223167262e-09,70435217.6088044
1.1767642692046065e-09,70835417.70885444
1.1767645171276836e-09,71235617.80890445
1.1767647660917436e-09,71635817.90895449
1.1767650161026304e-09,72036018.0090045
1.1767652671662216e-09,72436218.10905454
1.1767655192884189e-09,72836418.20910455
1.176765772475201e-09,73236618.30915459
1.176766026732556e-09,73636818.4092046
1.1767662820665352e-09,74037018.50925463
1.176766538483223e-09,74437218.60930465
1.1767667959887475e-09,74837418.70935468
1.1767670545892751e-09,75237618.8094047
1.1767673142910349e-09,75637818.90945473
1.1767675751002796e-09,76038019.00950475
1.1767678370233159e-09,76438219.10955478
1.1767681000664975e-09,76838419.2096048
1.1767683642362173e-09,77238619.30965483
1.1767686295389165e-09,77638819.40970486
1.1767688959810786e-09,78039019.50975488
1.1767691635692461e-09,78439219.60980491
1.1767694323099945e-09,78839419.70985493
1.1767697022099476e-09,79239619.80990496
1.1767699732757871e-09,79639819.90995498
1.1767702455142425e-09,80040020.01000501
1.1767705189320725e-09,80440220.11005503
1.1767707935361128e-09,80840420.21010506
1.1767710693332133e-09,81240620.31015508
1.1767713463303206e-09,81640820.41020511
1.1767716245343858e-09,82041020.51025513
1.1767719039524417e-09,82441220.61030516
1.17677218459156e-09,82841420.71035518
1.1767724664588604e-09,83241620.81040521
1.1767727495615154e-09,83641820.91045523
1.1767730339067603e-09,84042021.01050526
1.1767733195018784e-09,84442221.11055528
1.1767736063541915e-09,84842421.21060531
1.1767738944711133e-09,85242621.31065533
1.1767741838600616e-09,85642821.41070536
1.176774474528551e-09,86043021.51075539
1.1767747664841247e-09,86443221.6108054
1.1767750597343982e-09,86843421.71085544
1.1767753542870402e-09,87243621.81090546
1.1767756501497673e-09,87643821.91095549
1.1767759473303537e-09,88044022.0110055
1.1767762458366461e-09,88444222.11105554
1.1767765456765394e-09,88844422.21110556
1.176776846857986e-09,89244622.31115559
1.176777149389006e-09,89644822.4112056
1.1767774532776624e-09,90045022.51125564
1.1767777585320957e-09,90445222.61130565
1.176778065160509e-09,90845422.71135569
1.1767783731711432e-09,91245622.8114057
1.1767786825723266e-09,91645822.91145574
1.176778993372445e-09,92046023.01150575
1.1767793055799372e-09,92446223.11155578
1.1767796192033094e-09,92846423.2116058
1.1767799342511449e-09,93246623.31165583
1.1767802507320795e-09,93646823.41170585
1.1767805686548077e-09,94047023.51175588
1.1767808880281096e-09,94447223.61180592
1.1767812088608143e-09,94847423.71185593
1.176781531161837e-09,95247623.81190597
1.1767818549401364e-09,95647823.91195598
1.1767821802047627e-09,96048024.01200601
1.1767825069648193e-09,96448224.11205603
1.1767828352295007e-09,96848424.21210606
1.17678316500804e-09,97248624.31215608
1.1767834963097668e-09,97648824.41220611
1.176783829144073e-09,98049024.51225613
1.1767841635204276e-09,98449224.61230616
1.1767844994483623e-09,98849424.71235618
1.1767848369375003e-09,99249624.81240621
1.1767851759975223e-09,99649824.91245623
1.1767855166382008e-09,100050025.01250626
1.1767858588693613e-09,100450225.11255628
1.176786202700925e-09,100850425.21260631
1.1767865481428862e-09,101250625.31265633
1.1767868952053153e-09,101650825.41270636
1.1767872438983653e-09,102051025.51275638
1.176787594232261e-09,102451225.61280641
1.1767879462173142e-09,102851425.71285644
1.1767882998639084e-09,103251625.81290646
1.1767886551825333e-09,103651825.91295649
1.176789012183727e-09,104052026.01300651
1.1767893708781334e-09,104452226.11305654
1.1767897312764824e-09,104852426.21310656
1.176790093389582e-09,105252626.31315659
1.1767904572283118e-09,105652826.4132066
1.1767908228036666e-09,106053026.51325664
1.1767911901267143e-09,106453226.61330666
1.1767915592085994e-09,106853426.71335669
1.176791930060572e-09,107253626.8134067
1.1767923026939744e-09,107653826.91345674
1.176792677120225e-09,108054027.01350676
1.1767930533508493e-09,108454227.11355679
1.1767934313974484e-09,108854427.2136068
1.1767938112717354e-09,109254627.31365684
1.1767941929854998e-09,109654827.41370685
1.1767945765506469e-09,110055027.51375689
1.1767949619791539e-09,110455227.6138069
1.1767953492831186e-09,110855427.71385694
1.1767957384747209e-09,111255627.81390697
1.1767961295662458e-09,111655827.91395698
1.1767965225700852e-09,112056028.01400702
1.1767969174987171e-09,112456228.11405703
1.1767973143647303e-09,112856428.21410707
1.1767977131808197e-09,113256628.31415708
1.1767981139597762e-09,113656828.41420712
1.1767985167144969e-09,114057028.51425713
1.176798921457999e-09,114457228.61430717
1.1767993282033867e-09,114857428.71435718
1.1767997369638842e-09,115257628.81440721
1.1768001477528222e-09,115657828.91445723
1.176800560583646e-09,116058029.01450726
1.176800975469903e-09,116458229.11455728
1.1768013924252552e-09,116858429.21460731
1.1768018114634909e-09,117258629.31465733
1.1768022325985032e-09,117658829.41470736
1.1768026558442921e-09,118059029.51475738
1.1768030812150013e-09,118459229.61480741
1.1768035087248614e-09,118859429.71485743
1.1768039383882428e-09,119259629.81490746
1.176804370219636e-09,119659829.9149575
1.1768048042336427e-09,120060030.01500751
1.1768052404450036e-09,120460230.11505754
1.1768056788685608e-09,120860430.21510756
1.1768061195193008e-09,121260630.31515759
1.1768065624123405e-09,121660830.41520761
1.176807007562902e-09,122061030.51525764
1.176807454986367e-09,122461230.61530766
1.1768079046982222e-09,122861430.71535769
1.1768083567141e-09,123261630.81540771
1.1768088110497665e-09,123661830.91545774
1.1768092677211137e-09,124062031.01550776
1.1768097267441774e-09,124462231.11555779
1.1768101881351387e-09,124862431.2156078
1.1768106519103029e-09,125262631.31565784
1.1768111180861204e-09,125662831.41570786
1.1768115866791908e-09,126063031.51575789
1.1768120577062485e-09,126463231.6158079
1.1768125311841768e-09,126863431.71585794
1.1768130071300085e-09,127263631.81590796
1.1768134855609162e-09,127663831.91595799
1.1768139664942312e-09,128064032.01600802
1.1768144499474343e-09,128464232.11605804
1.1768149359381504e-09,128864432.21610807
1.1768154244841777e-09,129264632.31615809
1.1768159156034495e-09,129664832.41620812
1.1768164093140628e-09,130065032.51625814
1.1768169056342877e-09,130465232.61630817
1.1768174045825391e-09,130865432.71635818
1.1768179061774001e-09,131265632.81640822
1.1768184104376127e-09,131665832.91645823
1.1768189173821022e-09,132066033.01650827
1.1768194270299425e-09,132466233.11655828
1.1768199394003913e-09,132866433.21660832
1.1768204545128693e-09,133266633.31665833
1.1768209723869712e-09,133666833.41670837
1.1768214930424738e-09,134067033.51675838
1.1768220164993282e-09,134467233.6168084
1.1768225427776533e-09,134867433.71685845
1.1768230718977706e-09,135267633.81690845
1.17682360388017e-09,135667833.91695848
1.1768241387455245e-09,136068034.0170085
1.1768246765147089e-09,136468234.11705855
1.1768252172087621e-09,136868434.21710858
1.1768257608489447e-09,137268634.31715858
1.17682630745669e-09,137668834.4172086
1.1768268570536292e-09,138069034.51725864
1.176827409661591e-09,138469234.61730868
1.17682796530262e-09,138869434.71735868
1.1768285239989257e-09,139269634.8174087
1.1768290857729719e-09,139669834.91745874
1.1768296506473814e-09,140070035.01750877
1.1768302186450084e-09,140470235.11755878
1.1768307897889287e-09,140870435.2176088
1.1768313641024052e-09,141270635.31765884
1.1768319416089328e-09,141670835.41770887
1.1768325223322178e-09,142071035.51775888
1.1768331062961927e-09,142471235.6178089
1.1768336935250116e-09,142871435.71785894
1.1768342840430551e-09,143271635.81790897
1.1768348778749205e-09,143671835.91795897
1.1768354750454503e-09,144072036.018009
1.1768360755797184e-09,144472236.11805904
1.1768366795030151e-09,144872436.21810907
1.176837286840901e-09,145272636.3181591
1.176837897619148e-09,145672836.4182091
1.1768385118637926e-09,146073036.51825914
1.1768391296011034e-09,146473236.61830917
1.176839750857608e-09,146873436.7183592
1.1768403756600802e-09,147273636.8184092
1.1768410040355584e-09,147673836.91845924
1.1768416360113215e-09,148074037.01850927
1.1768422716149382e-09,148474237.1185593
1.1768429108742025e-09,148874437.2186093
1.1768435538172025e-09,149274637.31865934
1.1768442004722963e-09,149674837.41870937
1.1768448508681063e-09,150075037.5187594
1.176845505033525e-09,150475237.6188094
1.176846162997748e-09,150875437.71885943
1.1768468247902261e-09,151275637.81890947
1.1768474904407232e-09,151675837.9189595
1.1768481599792632e-09,152076038.0190095
1.1768488334361832e-09,152476238.11905953
1.1768495108421183e-09,152876438.21910957
1.176850192227993e-09,153276638.3191596
1.1768508776250351e-09,153676838.4192096
1.17685156706479e-09,154077038.51925963
1.176852260579102e-09,154477238.61930966
1.1768529582001425e-09,154877438.7193597
1.176853659960372e-09,155277638.81940973
1.1768543658926168e-09,155677838.91945973
1.1768550760299973e-09,156078039.01950976
1.1768557904059658e-09,156478239.1195598
1.1768565090543216e-09,156878439.21960983
1.1768572320091815e-09,157278639.31965983
1.176857959305033e-09,157678839.41970986
1.1768586909766728e-09,158079039.5197599
1.1768594270592765e-09,158479239.61980993
1.176860167588363e-09,158879439.71985993
1.1768609125998063e-09,159279639.81990996
1.1768616621298473e-09,159679839.91996
1.176862416215088e-09,160080040.02001002
1.17686317489251e-09,160480240.12006003
1.1768639381994714e-09,160880440.22011006
1.176864706173701e-09,161280640.3201601
1.1768654788533172e-09,161680840.42021012
1.1768662562768336e-09,162081040.52026013
1.1768670384831488e-09,162481240.62031016
1.1768678255115711e-09,162881440.7203602
1.1768686174018033e-09,163281640.82041022
1.1768694141939626e-09,163681840.92046025
1.1768702159285852e-09,164082041.02051026
1.176871022646626e-09,164482241.1205603
1.1768718343894446e-09,164882441.22061032
1.1768726511988675e-09,165282641.32066035
1.1768734731171262e-09,165682841.42071036
1.1768743001869042e-09,166083041.5207604
1.1768751324513334e-09,166483241.62081042
1.1768759699539982e-09,166883441.72086045
1.176876812738931e-09,167283641.82091045
1.1768776608506356e-09,167683841.9209605
1.176878514334098e-09,168084042.02101052
1.1768793732347566e-09,168484242.12106055
1.1768802375985412e-09,168884442.22111055
1.1768811074718725e-09,169284642.32116058
1.1768819829016577e-09,169684842.42121062
1.1768828639353195e-09,170085042.52126065
1.1768837506207622e-09,170485242.62131065
1.1768846430064288e-09,170885442.72136068
1.176885541141264e-09,171285642.82141072
1.1768864450747466e-09,171685842.92146075
1.1768873548568903e-09,172086043.02151078
1.1768882705382475e-09,172486243.12156078
1.1768891921699108e-09,172886443.2216108
1.1768901198035454e-09,173286643.32166085
1.176891053491351e-09,173686843.42171088
1.1768919932861154e-09,174087043.52176088
1.1768929392412036e-09,174487243.6218109
1.176893891410559e-09,174887443.72186095
1.176894849848703e-09,175287643.82191098
1.176895814610792e-09,175687843.92196098
1.1768967857525515e-09,176088044.022011
1.1768977633303424e-09,176488244.12206104
1.1768987474011465e-09,176888444.22211108
1.1768997380225822e-09,177288644.32216108
1.1769007352528881e-09,177688844.4222111
1.176901739150978e-09,178089044.52226114
1.1769027497764007e-09,178489244.62231117
1.1769037671893941e-09,178889444.72236118
1.1769047914508464e-09,179289644.8224112
1.1769058226223532e-09,179689844.92246124
1.176906860766185e-09,180090045.02251127
1.1769079059453296e-09,180490245.1225613
1.176908958223468e-09,180890445.2226113
1.1769100176650334e-09,181290645.32266134
1.176911084335166e-09,181690845.42271137
1.1769121582997531e-09,182091045.5227614
1.176913239625443e-09,182491245.6228114
1.17691432837964e-09,182891445.72286144
1.1769154246305186e-09,183291645.82291147
1.1769165284470438e-09,183691845.9229615
1.1769176398989704e-09,184092046.0230115
1.1769187590568619e-09,184492246.12306154
1.176919885992096e-09,184892446.22311157
1.1769210207768838e-09,185292646.3231616
1.1769221634842647e-09,185692846.4232116
1.17692331418814e-09,186093046.52326164
1.1769244729632732e-09,186493246.62331167
1.1769256398853002e-09,186893446.7233617
1.1769268150307421e-09,187293646.8234117
1.1769279984770312e-09,187693846.92346174
1.176929190302495e-09,188094047.02351177
1.1769303905864105e-09,188494247.1235618
1.176931599408969e-09,188894447.22361183
1.1769328168513258e-09,189294647.32366183
1.1769340429956185e-09,189694847.42371187
1.1769352779249289e-09,190095047.5237619
1.176936521723369e-09,190495247.62381193
1.1769377744760295e-09,190895447.72386193
1.176939036269055e-09,191295647.82391196
1.1769403071895877e-09,191695847.923962
1.176941587325868e-09,192096048.02401203
1.176942876767162e-09,192496248.12406203
1.1769441756038532e-09,192896448.22411206
1.1769454839274044e-09,193296648.3241621
1.1769468018303954e-09,193696848.42421213
1.1769481294065433e-09,194097048.52426213
1.1769494667507209e-09,194497248.62431216
1.1769508139589473e-09,194897448.7243622
1.1769521711284362e-09,195297648.82441223
1.1769535383576058e-09,195697848.92446223
1.176954915746083e-09,196098049.02451226
1.1769563033947278e-09,196498249.1245623
1.1769577014056627e-09,196898449.22461233
1.1769591098822905e-09,197298649.32466236
1.176960528929287e-09,197698849.42471236
1.1769619586526562e-09,198099049.5247624
1.176963399159723e-09,198499249.62481242
1.1769648505591695e-09,198899449.72486246
1.1769663129610421e-09,199299649.82491246
1.176967786476798e-09,199699849.9249625
1.1769692712192967e-09,200100050.02501252
1.1769707673028228e-09,200500250.12506256
1.17697227484314e-09,200900450.22511256
1.1769737939574718e-09,201300650.3251626
1.176975324764559e-09,201700850.42521262
1.1769768673846695e-09,202101050.52526265
1.1769784219396074e-09,202501250.62531266
1.1769799885527528e-09,202901450.7253627
1.1769815673490989e-09,203301650.82541272
1.1769831584552528e-09,203701850.92546275
1.176984761999455e-09,204102051.02551275
1.176986378111646e-09,204502251.1255628
1.1769880069234528e-09,204902451.22561282
1.1769896485682219e-09,205302651.32566285
1.1769913031810726e-09,205702851.42571288
1.1769929708988923e-09,206103051.5257629
1.1769946518603796e-09,206503251.62581292
1.1769963462060828e-09,206903451.72586295
1.1769980540784055e-09,207303651.82591298
1.1769997756216633e-09,207703851.92596298
1.1770015109820798e-09,208104052.02601302
1.1770032603078632e-09,208504252.12606305
1.177005023749197e-09,208904452.22611308
1.1770068014582928e-09,209304652.32616308
1.1770085935894196e-09,209704852.42621312
1.1770104002989273e-09,210105052.52626315
1.1770122217453095e-09,210505252.62631318
1.1770140580891898e-09,210905452.72636318
1.1770159094934217e-09,211305652.8264132
1.1770177761230514e-09,211705852.92646325
1.1770196581454127e-09,212106053.02651328
1.1770215557301434e-09,212506253.12656328
1.1770234690492168e-09,212906453.2266133
1.1770253982769917e-09,213306653.32666335
1.1770273435902455e-09,213706853.42671338
1.177029305168212e-09,214107053.5267634
1.177031283192641e-09,214507253.6268134
1.1770332778478158e-09,214907453.72686344
1.177035289320602e-09,215307653.82691348
1.177037317800511e-09,215707853.9269635
1.1770393634797273e-09,216108054.0270135
1.1770414265531343e-09,216508254.12706354
1.1770435072184193e-09,216908454.22711357
1.177045605676049e-09,217308654.3271636
1.177047722129377e-09,217708854.4272136
1.1770498567846476e-09,218109054.52726364
1.177052009851097e-09,218509254.62731367
1.1770541815409483e-09,218909454.7273637
1.1770563720694998e-09,219309654.8274137
1.1770585816551662e-09,219709854.92746374
1.177060810519538e-09,220110055.02751377
1.1770630588874334e-09,220510255.1275638
1.177065326986948e-09,220910455.2276138
1.1770676150495349e-09,221310655.32766384
1.17706992331004e-09,221710855.42771387
1.1770722520067685e-09,222111055.5277639
1.1770746013815533e-09,222511255.62781394
1.1770769716798212e-09,222911455.72786394
1.177079363150628e-09,223311655.82791397
1.1770817760467538e-09,223711855.927964
1.177084210624781e-09,224112056.02801403
1.1770866671451083e-09,224512256.12806404
1.1770891458720708e-09,224912456.22811407
1.1770916470740089e-09,225312656.3281641
1.177094171023286e-09,225712856.42821413
1.1770967179964435e-09,226113056.52826414
1.1770992882742057e-09,226513256.62831417
1.1771018821416145e-09,226913456.7283642
1.1771044998880444e-09,227313656.82841423
1.1771071418073511e-09,227713856.92846423
1.177109808197906e-09,228114057.02851427
1.1771124993627014e-09,228514257.1285643
1.1771152156094196e-09,228914457.22861433
1.177117957250551e-09,229314657.32866433
1.1771207246034453e-09,229714857.42871436
1.1771235179904389e-09,230115057.5287644
1.1771263377389188e-09,230515257.62881443
1.177129184181439e-09,230915457.72886446
1.177132057655806e-09,231315657.82891446
1.1771349585051951e-09,231715857.9289645
1.177137887078228e-09,232116058.02901453
1.1771408437290871e-09,232516258.12906456
1.1771438288176523e-09,232916458.22911456
1.177146842709553e-09,233316658.3291646
1.1771498857763173e-09,233716858.42921463
1.1771529583955033e-09,234117058.52926466
1.1771560609507607e-09,234517258.62931466
1.1771591938320002e-09,234917458.7293647
1.1771623574354846e-09,235317658.82941473
1.177165552163984e-09,235717858.92946476
1.177168778426871e-09,236118059.02951476
1.1771720366402713e-09,236518259.1295648
1.1771753272271886e-09,236918459.22961482
1.1771786506176587e-09,237318659.32966486
1.177182007248866e-09,237718859.42971486
1.1771853975652918e-09,238119059.5297649
1.1771888220188843e-09,238519259.62981492
1.1771922810691735e-09,238919459.72986495
1.1771957751834551e-09,239319659.829915
1.1771993048369298e-09,239719859.929965
1.177202870512872e-09,240120060.03001502
1.1772064727027997e-09,240520260.13006505
1.1772101119066228e-09,240920460.2301151
1.1772137886328365e-09,241320660.3301651
1.1772175033986947e-09,241720860.43021512
1.177221256730394e-09,242121060.53026515
1.1772250491632412e-09,242521260.63031518
1.1772288812418624e-09,242921460.7303652
1.1772327535203942e-09,243321660.83041522
1.177236666562678e-09,243721860.93046525
1.1772406209424762e-09,244122061.03051528
1.1772446172436608e-09,244522261.1305653
1.1772486560604544e-09,244922461.23061532
1.1772527379976326e-09,245322661.33066535
1.177256863670751e-09,245722861.43071538
1.177261033706387e-09,246123061.53076538
1.1772652487423597e-09,246523261.63081542
1.1772695094280026e-09,246923461.73086545
1.177273816424369e-09,247323661.83091548
1.177278170404537e-09,247723861.9309655
1.1772825720538268e-09,248124062.03101552
1.1772870220700984e-09,248524262.13106555
1.1772915211640281e-09,248924462.23111558
1.1772960700593733e-09,249324662.3311656
1.1773006694932617e-09,249724862.4312156
1.1773053202165151e-09,250125062.53126565
1.177310022993943e-09,250525262.63131568
1.1773147786046234e-09,250925462.7313657
1.177319587842283e-09,251325662.8314157
1.1773244515155824e-09,251725862.93146574
1.1773293704484638e-09,252126063.03151578
1.1773343454805263e-09,252526263.1315658
1.1773393774673406e-09,252926463.2316158
1.1773444672808398e-09,253326663.33166584
1.1773496158096952e-09,253726863.43171588
1.1773548239597072e-09,254127063.5317659
1.1773600926541824e-09,254527263.6318159
1.1773654228343626e-09,254927463.73186594
1.1773708154598252e-09,255327663.83191597
1.1773762715089423e-09,255727863.931966
1.177381791979285e-09,256128064.03201604
1.177387377888103e-09,256528264.13206604
1.1773930302727951e-09,256928464.23211607
1.1773987501913605e-09,257328664.3321661
1.1774045387229283e-09,257728864.43221614
1.1774103969682403e-09,258129064.53226614
1.1774163260501779e-09,258529264.63231617
1.1774223271142966e-09,258929464.7323662
1.177428401329402e-09,259329664.83241624
1.1774345498880547e-09,259729864.93246624
1.1774407740072386e-09,260130065.03251627
1.1774470749288854e-09,260530265.1325663
1.1774534539205323e-09,260930465.23261634
1.1774599122759384e-09,261330665.33266634
1.1774664513157676e-09,261730865.43271637
1.1774730723882238e-09,262131065.5327664
1.177479776869757e-09,262531265.63281643
1.1774865661657875e-09,262931465.73286644
1.1774934417114245e-09,263331665.83291647
1.1775004049722247e-09,263731865.9329665
1.1775074574449841e-09,264132066.03301653
1.1775146006585109e-09,264532266.13306653
1.1775218361744793e-09,264932466.23311657
1.1775291655882566e-09,265332666.3331666
1.1775365905298e-09,265732866.43321663
1.1775441126645412e-09,266133066.53326666
1.1775517336943228e-09,266533266.63331667
1.1775594553583501e-09,266933466.7333667
1.1775672794342053e-09,267333666.83341673
1.1775752077388374e-09,267733866.93346676
1.1775832421295957e-09,268134067.03351676
1.1775913845053844e-09,268534267.1335668
1.1775996368076914e-09,268934467.2336168
1.177608001021815e-09,269334667.33366686
1.1776164791779853e-09,269734867.4337169
1.1776250733526577e-09,270135067.5337669
1.1776337856697216e-09,270535267.6338169
1.1776426183018331e-09,270935467.73386693
1.177651573471768e-09,271335667.83391696
1.1776606534538038e-09,271735867.933967
1.1776698605751396e-09,272136068.034017
1.1776791972174237e-09,272536268.13406706
1.1776886658182457e-09,272936468.2341171
1.177698268872727e-09,273336668.3341671
1.1777080089351682e-09,273736868.43421715
1.1777178886207452e-09,274137068.5342671
1.177727910607221e-09,274537268.63431716
1.17773807763679e-09,274937468.7343672
1.1777483925179205e-09,275337668.8344172
1.1777588581272835e-09,275737868.93446726
1.1777694774117625e-09,276138069.0345173
1.1777802533905082e-09,276538269.1345673
1.1777911891570652e-09,276938469.23461735
1.1778022878815862e-09,277338669.3346673
1.1778135528131232e-09,277738869.43471736
1.1778249872819772e-09,278139069.5347674
1.1778365947021544e-09,278539269.6348174
1.177848378573908e-09,278939469.73486745
1.1778603424863322e-09,279339669.8349175
1.1778724901201208e-09,279739869.9349675
1.1778848252503346e-09,280140070.03501755
1.1778973517493602e-09,280540270.1350675
1.177910073589904e-09,280940470.23511755
1.1779229948481253e-09,281340670.3351676
1.1779361197068826e-09,281740870.4352176
1.177949452459099e-09,282141070.53526765
1.1779629975112508e-09,282541270.6353177
1.1779767593869938e-09,282941470.7353677
1.1779907427308898e-09,283341670.83541775
1.1780049523123197e-09,283741870.9354678
1.178019393029523e-09,284142071.03551775
1.1780340699137785e-09,284542271.1355678
1.178048988133764e-09,284942471.2356178
1.1780641530000751e-09,285342671.33566785
1.17807956996993e-09,285742871.4357179
1.1780952446520027e-09,286143071.5357679
1.178111182811545e-09,286543271.63581795
1.1781273903756123e-09,286943471.735868
1.1781438734385345e-09,287343671.83591795
1.1781606382676176e-09,287743871.935968
1.1781776913090402e-09,288144072.036018
1.178195039194026e-09,288544272.13606805
1.1782126887452108e-09,288944472.2361181
1.17823064698332e-09,289344672.3361681
1.1782489211340968e-09,289744872.43621814
1.1782675186354854e-09,290145072.5362682
1.1782864471451799e-09,290545272.6363182
1.1783057145484085e-09,290945472.7363682
1.1783253289660905e-09,291345672.8364182
1.1783452987633269e-09,291745872.93646824
1.1783656325582334e-09,292146073.0365183
1.1783863392311643e-09,292546273.1365683
1.1784074279343253e-09,292946473.23661834
1.1784289081018049e-09,293346673.3366684
1.1784507894600074e-09,293746873.4367184
1.178473082038582e-09,294147073.5367684
1.1784957961818227e-09,294547273.6368184
1.1785189425605254e-09,294947473.73686844
1.1785425321844316e-09,295347673.8369185
1.1785665764151928e-09,295747873.9369685
1.1785910869798944e-09,296148074.03701854
1.1786160759852476e-09,296548274.13706857
1.1786415559323777e-09,296948474.2371186
1.1786675397323047e-09,297348674.3371686
1.1786940407221258e-09,297748874.4372186
1.1787210726819694e-09,298149074.53726864
1.178748649852704e-09,298549274.6373187
1.1787767869545223e-09,298949474.7373687
1.178805499206337e-09,299349674.83741874
1.178834802346189e-09,299749874.93746877
1.1788647126525078e-09,300150075.0375188
1.1788952469665377e-09,300550275.13756883
1.178926422715735e-09,300950475.2376188
1.1789582579383652e-09,301350675.33766884
1.1789907713092662e-09,301750875.43771887
1.1790239821669583e-09,302151075.5377689
1.179057910542017e-09,302551275.63781893
1.1790925771869248e-09,302951475.73786896
1.179128003607426e-09,303351675.837919
1.1791642120954148e-09,303751875.937969
1.1792012257636314e-09,304152076.038019
1.1792390685820017e-09,304552276.13806903
1.1792777654159852e-09,304952476.23811907
1.1793173420668398e-09,305352676.3381691
1.17935782531409e-09,305752876.43821913
1.1793992429601732e-09,306153076.53826916
1.1794416238775224e-09,306553276.6383192
1.1794849980581717e-09,306953476.7383692
1.1795293966660706e-09,307353676.8384192
1.179574852092211e-09,307753876.93846923
1.1796213980128619e-09,308154077.03851926
1.1796690694509799e-09,308554277.1385693
1.1797179028410909e-09,308954477.2386193
1.1797679360978289e-09,309354677.33866936
1.1798192086883361e-09,309754877.4387194
1.1798717617088693e-09,310155077.5387694
1.1799256379657764e-09,310555277.63881946
1.1799808820612291e-09,310955477.7388694
1.1800375404839548e-09,311355677.83891946
1.18009566170535e-09,311755877.9389695
1.1801552962813338e-09,312156078.0390195
1.180216496960312e-09,312556278.13906956
1.1802793187976947e-09,312956478.2391196
1.18034381927744e-09,313356678.3391696
1.1804100584410294e-09,313756878.43921965
1.1804780990245175e-09,314157078.5392696
1.1805480066041997e-09,314557278.63931966
1.1806198497514039e-09,314957478.7393697
1.1806937001972622e-09,315357678.8394197
1.1807696330079987e-09,315757878.93946975
1.1808477267716896e-09,316158079.0395198
1.180928063797185e-09,316558279.1395698
1.1810107303262185e-09,316958479.23961985
1.18109581675966e-09,317358679.3396699
1.1811834178990001e-09,317758879.43971986
1.1812736332042252e-09,318159079.5397699
1.18136656706938e-09,318559279.6398199
1.1814623291172389e-09,318959479.73986995
1.1815610345144727e-09,319359679.83992
1.181662804309137e-09,319759879.93997
1.181767765792115e-09,320160080.04002005
1.1818760528845738e-09,320560280.1400701
1.1819878065535523e-09,320960480.24012005
1.1821031752579576e-09,321360680.3401701
1.1822223154276252e-09,321760880.4402201
1.1823453919781393e-09,322161080.54027015
1.182472578864567e-09,322561280.6403202
1.1826040596773912e-09,322961480.7403702
1.1827400282843467e-09,323361680.84042025
1.1828806895222504e-09,323761880.9404703
1.1830262599431734e-09,324162081.04052025
1.1831769686199893e-09,324562281.1405703
1.183333058016495e-09,324962481.2406203
1.1834947849282614e-09,325362681.34067035
1.1836624215005332e-09,325762881.4407204
1.1838362563306078e-09,326163081.5407704
1.1840165956625206e-09,326563281.64082044
1.1842037646829686e-09,326963481.7408705
1.1843981089282597e-09,327363681.8409205
1.1845999958130564e-09,327763881.9409705
1.1848098162930103e-09,328164082.0410205
1.1850279866746555e-09,328564282.14107054
1.1852549505873627e-09,328964482.2411206
1.1854911811339557e-09,329364682.3411706
1.1857371832383502e-09,329764882.44122064
1.1859934962107973e-09,330165082.5412707
1.186260696553662e-09,330565282.6413207
1.1865394010333216e-09,330965482.7413707
1.1868302700469178e-09,331365682.8414207
1.1871340113160478e-09,331765882.94147074
1.187451383943394e-09,332166083.0415208
1.1877832028726763e-09,332566283.1415708
1.188130343797417e-09,332966483.24162084
1.1884937485694706e-09,333366683.3416709
1.188874431164882e-09,333766883.4417209
1.1892734842718626e-09,334167083.54177094
1.1896920865739985e-09,334567283.6418209
1.1901315108111902e-09,334967483.74187094
1.19059313271177e-09,335367683.841921
1.1910784409012675e-09,335767883.941971
1.1915890479074795e-09,336168084.04202104
1.1921267023972644e-09,336568284.14207107
1.19269330279882e-09,336968484.2421211
1.193290912483702e-09,337368684.34217113
1.193921776706636e-09,337768884.4422211
1.1945883415278832e-09,338169084.54227114
1.195293274973492e-09,338569284.64232117
1.1960394907235714e-09,338969484.7423712
1.1968301746578046e-09,339369684.84242123
1.1976688146319272e-09,339769884.94247127
1.1985592339088607e-09,340170085.0425213
1.199505628723855e-09,340570285.14257133
1.2005126105253218e-09,340970485.2426213
1.2015852535011206e-09,341370685.34267133
1.2027291480744544e-09,341770885.44272137
1.2039504611328075e-09,342171085.5427714
1.205256003835696e-09,342571285.64282143
1.2066533079297512e-09,342971485.74287146
1.2081507115772854e-09,343371685.8429215
1.2097574557689154e-09,343771885.9429715
1.2114837924308757e-09,344172086.04302156
1.2133411053338459e-09,344572286.14307153
1.215342044837335e-09,344972486.24312156
1.217500677322266e-09,345372686.3431716
1.219832649819334e-09,345772886.4432216
1.2223553697523543e-09,346173086.54327166
1.2250881987716233e-09,346573286.6433217
1.2280526581945625e-09,346973486.7433717
1.2312726413786733e-09,347373686.84342176
1.2347746251232816e-09,347773886.9434717
1.2385878675178156e-09,348174087.04352176
1.242744572976135e-09,348574287.1435718
1.2472799957984567e-09,348974487.2436218
1.252232440576926e-09,349374687.34367186
1.2576431000162565e-09,349774887.4437219
1.2635556470729136e-09,350175087.5437719
1.2700154676001179e-09,350575287.64382195
1.2770683813025982e-09,350975487.743872
1.284758653453325e-09,351375687.84392196
1.2931260509559568e-09,351775887.943972
1.3022016524651552e-09,352176088.044022
1.312002100350553e-09,352576288.14407206
1.3225220119331715e-09,352976488.2441221
1.3337243948521345e-09,353376688.3441721
1.345529199860274e-09,353776888.44422215
1.3578006645778196e-09,354177088.5442722
1.3703349029869344e-09,354577288.64432216
1.3828502468418297e-09,354977488.7443722
1.3949839489135197e-09,355377688.8444222
1.4062995675037663e-09,355777888.94447225
1.4163089797076961e-09,356178089.0445223
1.4245108099745222e-09,356578289.1445723
1.4304428763501105e-09,356978489.24462235
1.4337408793540485e-09,357378689.3446724
1.4341910722687254e-09,357778889.44472235
1.4317636467783606e-09,358179089.5447724
1.4266175302268218e-09,358579289.6448224
1.419075206428107e-09,358979489.74487245
1.4095747041315144e-09,359379689.8449225
1.3986113282834345e-09,359779889.9449725
1.3866821885510373e-09,360180090.04502255
1.3742429138646525e-09,360580290.1450726
1.3616805694895537e-09,360980490.2451226
1.349302087266254e-09,361380690.3451726
1.3373347156604435e-09,361780890.4452226
1.3259341338240074e-09,362181090.54527265
1.315196328641714e-09,362581290.6453227
1.3051703756142563e-09,362981490.7453727
1.295870363668619e-09,363381690.84542274
1.2872855922257255e-09,363781890.9454728
1.2793887734626496e-09,364182091.0455228
1.27214232581875e-09,364582291.1455728
1.2655030148306185e-09,364982491.2456228
1.2594252516269216e-09,365382691.34567285
1.2538633496327369e-09,365782891.4457229
1.248773000663521e-09,366183091.5457729
1.2441121830432349e-09,366583291.64582294
1.2398416673849743e-09,366983491.745873
1.2359252449540901e-09,367383691.845923
1.2323297704595665e-09,367783891.94597304
1.2290250853684816e-09,368184092.046023
1.2259838683830058e-09,368584292.14607304
1.2231814453511475e-09,368984492.2461231
1.2205955804633833e-09,369384692.3461731
1.2182062631491084e-09,369784892.44622314
1.2159954998528799e-09,370185092.5462732
1.2139471162410708e-09,370585292.6463232
1.2120465729122833e-09,370985492.74637324
1.2102807960256756e-09,371385692.8464232
1.2086380231770115e-09,371785892.94647324
1.2071076641672893e-09,372186093.0465233
1.2056801758976787e-09,372586293.1465733
1.204346950399526e-09,372986493.24662334
1.2031002149060759e-09,373386693.34667337
1.2019329428508363e-09,373786893.4467234
1.2008387747062512e-09,374187093.54677343
1.1998119476345025e-09,374587293.6468234
1.1988472329971348e-09,374987493.74687344
1.1979398808516354e-09,375387693.8469235
1.1970855706463159e-09,375787893.9469735
1.1962803674050963e-09,376188094.04702353
1.1955206827699242e-09,376588294.14707357
1.1948032403386852e-09,376988494.2471236
1.194125044800447e-09,377388694.34717363
1.1934833544278163e-09,377788894.44722366
1.1928756565377109e-09,378189094.54727364
1.1922996455780165e-09,378589294.64732367
1.1917532035384507e-09,378989494.7473737
1.191234382419845e-09,379389694.84742373
1.1907413885281046e-09,379789894.94747376
1.1902725683867827e-09,380190095.0475238
1.1898263960869443e-09,380590295.1475738
1.1894014619145279e-09,380990495.24762386
1.1889964621142746e-09,381390695.34767383
1.1886101896659457e-09,381790895.44772387
1.188241525963099e-09,382191095.5477739
1.1878894332974185e-09,382591295.6478239
1.187552948062869e-09,382991495.74787396
1.1872311746037757e-09,383391695.847924
1.186923279639475e-09,383791895.947974
1.1866284872059904e-09,384192096.04802406
1.1863460740616475e-09,384592296.1480741
1.1860753655096082e-09,384992496.24812406
1.1858157315954297e-09,385392696.3481741
1.1855665836422844e-09,385792896.4482241
1.1853273710906173e-09,386193096.54827416
1.1850975786125157e-09,386593296.6483242
1.1848767234742872e-09,386993496.7483742
1.1846643531234523e-09,387393696.84842426
1.1844600429789884e-09,387793896.9484743
1.1842633944056407e-09,388194097.04852426
1.1840740328553737e-09,388594297.1485743
1.1838916061603979e-09,388994497.2486243
1.1837157829641992e-09,389394697.34867436
1.1835462512779057e-09,389794897.4487244
1.1833827171509793e-09,390195097.5487744
1.183224903446018e-09,390595297.64882445
1.1830725487086051e-09,390995497.7488745
1.1829254061239237e-09,391395697.84892446
1.182783242552703e-09,391795897.9489745
1.182645837639777e-09,392196098.0490245
1.1825129829890582e-09,392596298.14907455
1.1823844813994495e-09,392996498.2491246
1.182260146156627e-09,393396698.3491746
1.1821398003761053e-09,393796898.44922465
1.1820232763934546e-09,394197098.5492747
1.1819104151978018e-09,394597298.6493247
1.181801065905278e-09,394997498.7493747
1.1816950852691467e-09,395397698.8494247
1.1815923372238166e-09,395797898.94947475
1.1814926924600455e-09,396198099.0495248
1.1813960280289694e-09,396598299.1495748
1.1813022269728482e-09,396998499.24962485
1.1812111779802658e-09,397398699.3496749
1.1811227750642337e-09,397798899.4497249
1.1810369172613072e-09,398199099.5497749
1.1809535083502522e-09,398599299.6498249
1.1808724565888102e-09,398999499.74987495
1.1807936744672423e-09,399399699.849925
1.1807170784774546e-09,399799899.949975
1.180642588896614e-09,400200100.05002505
1.1805701295842244e-09,400600300.1500751
1.180499627791694e-09,401000500.2501251
1.1804310139835304e-09,401400700.35017514
1.180364221669436e-09,401800900.4502251
1.1802991872464275e-09,402201100.55027515
1.18023584985044e-09,402601300.6503252
1.180174151216657e-09,403001500.7503752
1.1801140355480788e-09,403401700.85042524
1.1800554493916996e-09,403801900.9504753
1.1799983415219107e-09,404202101.0505253
1.179942662830479e-09,404602301.15057534
1.1798883662229007e-09,405002501.2506253
1.1798354065204978e-09,405402701.35067534
1.179783740368068e-09,405802901.4507254
1.179733326146646e-09,406203101.5507754
1.1796841238910516e-09,406603301.65082544
1.1796360952119683e-09,407003501.7508755
1.179589203222286e-09,407403701.8509255
1.1795434124673422e-09,407803901.95097554
1.1794986888589762e-09,408204102.0510255
1.1794549996130193e-09,408604302.15107554
1.1794123131901262e-09,409004502.2511256
1.1793705992396974e-09,409404702.3511756
1.1793298285466742e-09,409804902.45122564
1.1792899729811592e-09,410205102.5512757
1.1792510054505267e-09,410605302.6513257
1.1792128998540696e-09,411005502.75137573
1.1791756310398295e-09,411405702.85142577
1.1791391747636719e-09,411805902.95147574
1.1791035076503884e-09,412206103.0515258
1.1790686071566942e-09,412606303.1515758
1.179034451536058e-09,413006503.25162584
1.1790010198052738e-09,413406703.35167587
1.1789682917126094e-09,413806903.4517259
1.1789362477075205e-09,414207103.55177593
1.1789048689118149e-09,414607303.65182596
1.1788741370921391e-09,415007503.75187594
1.178844034633864e-09,415407703.85192597
1.1788145445160781e-09,415807903.951976
1.1787856502878232e-09,416208104.05202603
1.1787573360454105e-09,416608304.15207607
1.178729586410761e-09,417008504.2521261
1.1787023865107842e-09,417408704.35217613
1.1786757219576305e-09,417808904.45222616
1.1786495788298761e-09,418209104.55227613
1.1786239436545528e-09,418609304.65232617
1.178598803389955e-09,419009504.7523762
1.178574145409229e-09,419409704.85242623
1.1785499574846733e-09,419809904.95247626
1.1785262277727232e-09,420210105.0525263
1.1785029447996107e-09,420610305.1525763
1.1784800974476197e-09,421010505.25262636
1.1784576749419402e-09,421410705.3526764
1.178435666838069e-09,421810905.45272636
1.1784140630098031e-09,422211105.5527764
1.1783928536376398e-09,422611305.6528264
1.1783720291977753e-09,423011505.75287646
1.178351580451472e-09,423411705.8529265
1.1783314984349016e-09,423811905.9529765
1.1783117744494445e-09,424212106.05302656
1.1782924000523099e-09,424612306.1530766
1.1782733670475831e-09,425012506.25312656
1.1782546674776658e-09,425412706.3531766
1.1782362936149826e-09,425812906.4532266
1.1782182379540969e-09,426213106.55327666
1.178200493204082e-09,426613306.6533267
1.178183052281238e-09,427013506.7533767
1.1781659083020708e-09,427413706.85342675
1.1781490545765507e-09,427813906.9534768
1.178132484601649e-09,428214107.0535268
1.1781161920550937e-09,428614307.1535768
1.1781001707894037e-09,429014507.2536268
1.178084414826115e-09,429414707.35367686
1.178068918350266e-09,429814907.4537269
1.178053675705041e-09,430215107.5537769
1.178038681386678e-09,430615307.65382695
1.178023930039508e-09,431015507.753877
1.178009416451241e-09,431415707.853927
1.1779951355483415e-09,431815907.953977
1.1779810823916825e-09,432216108.054027
1.177967252172258e-09,432616308.15407705
1.1779536402071247e-09,433016508.2541271
1.1779402419354593e-09,433416708.3541771
1.1779270529147504e-09,433816908.45422715
1.177914068817152e-09,434217108.5542772
1.177901285425957e-09,434617308.6543272
1.1778886986321865e-09,435017508.7543772
1.1778763044313076e-09,435417708.8544272
1.1778640989200975e-09,435817908.95447725
1.1778520782935394e-09,436218109.0545273
1.1778402388419173e-09,436618309.1545773
1.177828576947956e-09,437018509.25462735
1.1778170890840718e-09,437418709.3546774
1.1778057718097168e-09,437818909.4547274
1.1777946217688455e-09,438219109.55477744
1.1777836356873966e-09,438619309.6548274
1.1777728103709335e-09,439019509.75487745
1.1777621427023468e-09,439419709.8549275
1.1777516296395898e-09,439819909.9549775
1.1777412682135386e-09,440220110.05502754
1.177731055525907e-09,440620310.1550776
1.1777209887472437e-09,441020510.2551276
1.1777110651149508e-09,441420710.35517764
1.177701281931419e-09,441820910.4552276
1.1776916365622245e-09,442221110.55527765
1.1776821264343211e-09,442621310.6553277
1.1776727490343597e-09,443021510.7553777
1.177663501907039e-09,443421710.85542774
1.1776543826534976e-09,443821910.9554778
1.1776453889297676e-09,444222111.0555278
1.1776365184452713e-09,444622311.15557784
1.177627768961377e-09,445022511.2556279
1.177619138289993e-09,445422711.35567784
1.1776106242922153e-09,445822911.4557279
1.1776022248769786e-09,446223111.5557779
1.1775939379998111e-09,446623311.65582794
1.177585761661583e-09,447023511.755878
1.1775776939073028e-09,447423711.855928
1.1775697328249646e-09,447823911.95597804
1.1775618765444064e-09,448224112.05602807
1.177554123236234e-09,448624312.15607804
1.1775464711107438e-09,449024512.2561281
1.177538918416908e-09,449424712.3561781
1.177531463441366e-09,449824912.45622814
1.1775241045074773e-09,450225112.55627817
1.1775168399743509e-09,450625312.6563282
1.1775096682359614e-09,451025512.75637823
1.1775025877202562e-09,451425712.85642827
1.17749559688829e-09,451825912.95647824
1.1774886942334057e-09,452226113.0565283
1.177481878280431e-09,452626313.1565783
1.177475147584858e-09,453026513.25662833
1.1774685007321252e-09,453426713.35667837
1.1774619363368573e-09,453826913.4567284
1.177455453042128e-09,454227113.55677843
1.177449049518803e-09,454627313.65682846
1.1774427244648252e-09,455027513.7568785
1.1774364766045777e-09,455427713.85692847
1.1774303046882223e-09,455827913.9569785
1.1774242074911012e-09,456228114.05702853
1.1774181838131186e-09,456628314.15707856
1.1774122324781376e-09,457028514.2571286
1.1774063523334443e-09,457428714.3571786
1.1774005422491684e-09,457828914.45722866
1.1773948011177384e-09,458229114.5572787
1.1773891278533595e-09,458629314.65732867
1.1773835213915166e-09,459029514.7573787
1.177377980688463e-09,459429714.8574287
1.177372504720743e-09,459829914.95747876
1.1773670924847028e-09,460230115.0575288
1.1773617429960486e-09,460630315.1575788
1.1773564552894249e-09,461030515.25762886
1.1773512284179188e-09,461430715.3576789
1.177346061452702e-09,461830915.4577289
1.1773409534825723e-09,462231115.5577789
1.1773359036135732e-09,462631315.6578289
1.177330910968617e-09,463031515.75787896
1.1773259746870692e-09,463431715.857929
1.1773210939244165e-09,463831915.957979
1.1773162678518905e-09,464232116.05802906
1.1773114956561142e-09,464632316.1580791
1.1773067765387461e-09,465032516.2581291
1.1773021097162e-09,465432716.3581791
1.1772974944192495e-09,465832916.4582291
1.1772929298927813e-09,466233116.55827916
1.1772884153954244e-09,466633316.6583292
1.1772839501992994e-09,467033516.7583792
1.1772795335896988e-09,467433716.85842925
1.1772751648648089e-09,467833916.9584793
1.177270843335433e-09,468234117.0585293
1.1772665683247227e-09,468634317.1585793
1.1772623391679076e-09,469034517.2586293
1.1772581552120478e-09,469434717.35867935
1.177254015815761e-09,469834917.4587294
1.1772499203490085e-09,470235117.5587794
1.1772458681928263e-09,470635317.65882945
1.177241858739117e-09,471035517.7588795
1.1772378913904084e-09,471435717.8589295
1.177233965559613e-09,471835917.95897955
1.1772300806698687e-09,472236118.0590295
1.1772262361542633e-09,472636318.15907955
1.1772224314556663e-09,473036518.2591296
1.1772186660265207e-09,473436718.3591796
1.177214939328637e-09,473836918.45922965
1.1772112508329985e-09,474237118.5592797
1.1772076000196083e-09,474637318.6593297
1.177203986377267e-09,475037518.75937974
1.1772004094033989e-09,475437718.8594297
1.1771968686039073e-09,475837918.95947975
1.1771933634929726e-09,476238119.0595298
1.177189893592897e-09,476638319.1595798
1.1771864584339458e-09,477038519.25962985
1.1771830575541932e-09,477438719.3596799
1.1771796904993538e-09,477838919.4597299
1.177176356822632e-09,478239119.55977994
1.1771730560845929e-09,478639319.65983
1.1771697878529978e-09,479039519.75987995
1.1771665517026691e-09,479439719.85993
1.1771633472153653e-09,479839919.95998
1.1771601739796123e-09,480240120.06003004
1.1771570315906157e-09,480640320.1600801
1.1771539196500977e-09,481040520.2601301
1.1771508377661913e-09,481440720.36018014
1.1771477855533042e-09,481840920.4602302
1.1771447626319988e-09,482241120.56028014
1.177141768628896e-09,482641320.6603302
1.1771388031765303e-09,483041520.7603802
1.1771358659132533e-09,483441720.86043024
1.1771329564831279e-09,483841920.9604803
1.1771300745358072e-09,484242121.0605303
1.1771272197264339e-09,484642321.16058034
1.1771243917155435e-09,485042521.26063037
1.1771215901689632e-09,485442721.36068034
1.1771188147577107e-09,485842921.4607304
1.1771160651578874e-09,486243121.5607804
1.1771133410506026e-09,486643321.66083044
1.1771106421218662e-09,487043521.7608805
1.1771079680625171e-09,487443721.8609305
1.1771053185681025e-09,487843921.96098053
1.1771026933388295e-09,488244122.06103057
1.1771000920794493e-09,488644322.1610806
1.1770975144992002e-09,489044522.2611306
1.1770949603116956e-09,489444722.3611806
1.1770924292348858e-09,489844922.46123064
1.1770899209909479e-09,490245122.56128067
1.1770874353062024e-09,490645322.6613307
1.1770849719110855e-09,491045522.76138073
1.1770825305400236e-09,491445722.86143076
1.1770801109313842e-09,491845922.9614808
1.1770777128274237e-09,492246123.06153077
1.1770753359741814e-09,492646323.1615808
1.177072980121455e-09,493046523.26163083
1.1770706450226894e-09,493446723.36168087
1.1770683304349441e-09,493846923.4617309
1.1770660361188248e-09,494247123.5617809
1.1770637618384113e-09,494647323.66183096
1.1770615073612138e-09,495047523.761881
1.1770592724580966e-09,495447723.861931
1.1770570569032198e-09,495847923.961981
1.1770548604739955e-09,496248124.06203103
1.1770526829510354e-09,496648324.16208106
1.177050524118083e-09,497048524.2621311
1.1770483837619463e-09,497448724.3621811
1.1770462616724784e-09,497848924.46223116
1.177044157642515e-09,498249124.5622812
1.1770420714678016e-09,498649324.6623312
1.1770400029469795e-09,499049524.7623812
1.1770379518815045e-09,499449724.8624312
1.1770359180756256e-09,499849924.96248126
1.17703390133632e-09,500250125.0625313
1.177031901473262e-09,500650325.1625813
1.1770299182987576e-09,501050525.26263136
1.177027951627728e-09,501450725.3626814
1.1770260012776388e-09,501850925.4627314
1.1770240670684896e-09,502251125.5627814
1.1770221488227274e-09,502651325.6628314
1.1770202463652518e-09,503051525.76288146
1.1770183595233517e-09,503451725.8629315
1.1770164881266723e-09,503851925.9629815
1.1770146320071757e-09,504252126.06303155
1.177012790999084e-09,504652326.1630816
1.1770109649388878e-09,505052526.2631316
1.1770091536652559e-09,505452726.36318165
1.1770073570190537e-09,505852926.4632316
1.1770055748432568e-09,506253126.56328166
1.1770038069829604e-09,506653326.6633317
1.177002053285312e-09,507053526.7633817
1.1770003135994974e-09,507453726.86343175
1.1769985877767152e-09,507853926.9634818
1.1769968756701065e-09,508254127.0635318
1.1769951771347773e-09,508654327.16358185
1.1769934920277314e-09,509054527.2636318
1.1769918202078427e-09,509454727.36368185
1.1769901615358583e-09,509854927.4637319
1.1769885158743032e-09,510255127.5637819
1.1769868830875332e-09,510655327.66383195
1.1769852630416377e-09,511055527.763882
1.176983655604465e-09,511455727.863932
1.1769820606455637e-09,511855927.96398205
1.1769804780361494e-09,512256128.0640321
1.1769789076491232e-09,512656328.16408205
1.1769773493589863e-09,513056528.2641321
1.176975803041867e-09,513456728.3641821
1.1769742685754654e-09,513856928.46423215
1.1769727458390366e-09,514257128.5642822
1.176971234713377e-09,514657328.6643322
1.1769697350807966e-09,515057528.76438224
1.1769682468250686e-09,515457728.8644323
1.1769667698314558e-09,515857928.96448225
1.1769653039866504e-09,516258129.0645323
1.1769638491787766e-09,516658329.1645823
1.1769624052973449e-09,517058529.26463234
1.176960972233249e-09,517458729.3646824
1.1769595498787447e-09,517858929.4647324
1.1769581381274238e-09,518259129.56478244
1.1769567368741961e-09,518659329.6648325
1.176955346015259e-09,519059529.76488245
1.1769539654481048e-09,519459729.8649325
1.1769525950714879e-09,519859929.9649825
1.1769512347853816e-09,520260130.06503254
1.176949884491002e-09,520660330.1650826
1.176948544090769e-09,521060530.2651326
1.1769472134882878e-09,521460730.36518264
1.176945892588329e-09,521860930.4652327
1.1769445812968244e-09,522261130.5652827
1.1769432795208422e-09,522661330.6653327
1.176941987168568e-09,523061530.7653827
1.1769407041492861e-09,523461730.86543274
1.1769394303733883e-09,523861930.9654828
1.176938165752316e-09,524262131.0655328
1.1769369101985858e-09,524662331.16558284
1.1769356636257441e-09,525062531.26563287
1.176934425948378e-09,525462731.3656829
1.1769331970820668e-09,525862931.4657329
1.176931976943416e-09,526263131.5657829
1.1769307654499939e-09,526663331.66583294
1.176929562520342e-09,527063531.76588297
1.1769283680739606e-09,527463731.865933
1.1769271820313077e-09,527863931.96598303
1.1769260043137477e-09,528264132.06603307
1.1769248348435785e-09,528664332.1660831
1.1769236735439996e-09,529064532.26613307
1.1769225203390863e-09,529464732.3661831
1.17692137515382e-09,529864932.46623313
1.176920237914034e-09,530265132.56628317
1.1769191085464146e-09,530665332.6663332
1.1769179869784956e-09,531065532.76638323
1.176916873138639e-09,531465732.86643326
1.1769157669560356e-09,531865932.9664833
1.1769146683606756e-09,532266133.0665333
1.176913577283353e-09,532666333.1665833
1.1769124936556525e-09,533066533.26663333
1.1769114174099194e-09,533466733.36668336
1.1769103484792838e-09,533866933.4667334
1.1769092867976178e-09,534267133.5667834
1.1769082322995447e-09,534667333.66683346
1.1769071849204153e-09,535067533.7668835
1.1769061445963265e-09,535467733.8669335
1.176905111264064e-09,535867933.9669835
1.1769040848611365e-09,536268134.0670335
1.1769030653257407e-09,536668334.16708356
1.1769020525967813e-09,537068534.2671336
1.1769010466137946e-09,537468734.3671836
1.1769000473170384e-09,537868934.4672337
1.176899054647407e-09,538269134.5672836
1.1768980685464299e-09,538669334.6673337
1.176897088956311e-09,539069534.7673837
1.1768961158198759e-09,539469734.8674338
1.1768951490805658e-09,539869934.9674838
1.1768941886824534e-09,540270135.0675339
1.1768932345702134e-09,540670335.1675838
1.176892286689127e-09,541070535.2676338
1.176891344985068e-09,541470735.3676839
1.176890409404493e-09,541870935.4677339
1.1768894798944507e-09,542271135.567784
1.1768885564025293e-09,542671335.6678339
1.176887638876924e-09,543071535.767884
1.1768867272663591e-09,543471735.867934
1.176885821520104e-09,543871935.9679841
1.1768849215879864e-09,544272136.068034
1.1768840274203681e-09,544672336.168084
1.1768831389681363e-09,545072536.2681341
1.176882256182684e-09,545472736.3681841
1.1768813790159478e-09,545872936.4682342
1.1768805074203464e-09,546273136.5682842
1.1768796413488282e-09,546673336.6683342
1.1768787807548134e-09,547073536.7683842
1.1768779255922178e-09,547473736.8684343
1.1768770758154542e-09,547873936.9684843
1.1768762313793923e-09,548274137.0685343
1.1768753922393927e-09,548674337.1685843
1.1768745583512596e-09,549074537.2686343
1.1768737296712836e-09,549474737.3686844
1.1768729061561883e-09,549874937.4687344
1.1768720877631406e-09,550275137.5687845
1.1768712744497842e-09,550675337.6688344
1.1768704661741624e-09,551075537.7688844
1.176869662894771e-09,551475737.8689345
1.1768688645705298e-09,551875937.9689845
1.176868071160768e-09,552276138.0690346
1.176867282625248e-09,552676338.1690845
1.1768664989241323e-09,553076538.2691346
1.176865720017992e-09,553476738.3691846
1.1768649458678035e-09,553876938.4692347
1.1768641764349277e-09,554277138.5692847
1.1768634116811353e-09,554677338.6693347
1.1768626515685632e-09,555077538.7693847
1.1768618960597423e-09,555477738.8694347
1.176861145117585e-09,555877938.9694848
1.1768603987053593e-09,556278139.0695348
1.1768596567867234e-09,556678339.1695849
1.1768589193256823e-09,557078539.2696348
1.1768581862866024e-09,557478739.3696849
1.1768574576342155e-09,557878939.4697349
1.176856733333596e-09,558279139.5697849
1.1768560133501644e-09,558679339.669835
1.1768552976496932e-09,559079539.769885
1.176854586198282e-09,559479739.869935
1.1768538789623626e-09,559879939.969985
1.1768531759087188e-09,560280140.0700351
1.1768524770044421e-09,560680340.1700851
1.176851782216952e-09,561080540.270135
1.1768510915139802e-09,561480740.3701851
1.1768504048635865e-09,561880940.4702351
1.1768497222341339e-09,562281140.5702852
1.1768490435942983e-09,562681340.6703352
1.1768483689130591e-09,563081540.7703853
1.1768476981596892e-09,563481740.8704352
1.1768470313037606e-09,563881940.9704853
1.1768463683151575e-09,564282141.0705353
1.1768457091640296e-09,564682341.1705853
1.1768450538208246e-09,565082541.2706354
1.1768444022562846e-09,565482741.3706853
1.1768437544414065e-09,565882941.4707354
1.1768431103474903e-09,566283141.5707854
1.1768424699460967e-09,566683341.6708355
1.1768418332090601e-09,567083541.7708855
1.1768412001084806e-09,567483741.8709356
1.1768405706167321e-09,567883941.9709855
1.1768399447064389e-09,568284142.0710355
1.1768393223504955e-09,568684342.1710856
1.1768387035220367e-09,569084542.2711356
1.1768380881944715e-09,569484742.3711857
1.1768374763414314e-09,569884942.4712356
1.176836867936831e-09,570285142.5712857
1.176836262954802e-09,570685342.6713357
1.1768356613697217e-09,571085542.7713857
1.1768350631562176e-09,571485742.8714358
1.1768344682891438e-09,571885942.9714857
1.176833876743595e-09,572286143.0715358
1.1768332884948871e-09,572686343.1715858
1.1768327035185773e-09,573086543.2716359
1.176832121790444e-09,573486743.3716859
1.1768315432864868e-09,573886943.471736
1.176830967982923e-09,574287143.5717859
1.1768303958562043e-09,574687343.6718359
1.1768298268829814e-09,575087543.771886
1.1768292610401254e-09,575487743.871936
1.1768286983047196e-09,575887943.971986
1.1768281386540592e-09,576288144.072036
1.1768275820656418e-09,576688344.1720861
1.1768270285171718e-09,577088544.2721361
1.176826477986551e-09,577488744.3721862
1.1768259304518979e-09,577888944.4722362
1.1768253858915092e-09,578289144.5722861
1.176824844283884e-09,578689344.6723362
1.1768243056077186e-09,579089544.7723862
1.1768237698419067e-09,579489744.8724363
1.1768232369655155e-09,579889944.9724863
1.176822706957819e-09,580290145.0725363
1.1768221797982602e-09,580690345.1725863
1.1768216554664694e-09,581090545.2726364
1.1768211339422693e-09,581490745.3726864
1.1768206152056423e-09,581890945.4727364
1.176820099236782e-09,582291145.5727865
1.1768195860160172e-09,582691345.6728364
1.1768190755238835e-09,583091545.7728865
1.1768185677410609e-09,583491745.8729365
1.1768180626484319e-09,583891945.9729866
1.1768175602270182e-09,584292146.0730366
1.1768170604580252e-09,584692346.1730865
1.1768165633228164e-09,585092546.2731366
1.176816068802929e-09,585492746.3731866
1.1768155768800445e-09,585892946.4732367
1.1768150875360086e-09,586293146.5732867
1.1768146007528493e-09,586693346.6733367
1.1768141165127153e-09,587093546.7733867
1.1768136347979334e-09,587493746.8734368
1.1768131555909652e-09,587893946.9734868
1.1768126788744602e-09,588294147.0735368
1.1768122046311738e-09,588694347.1735868
1.1768117328440391e-09,589094547.2736368
1.1768112634961248e-09,589494747.3736869
1.1768107965706482e-09,589894947.4737369
1.1768103320509761e-09,590295147.573787
1.1768098699206006e-09,590695347.673837
1.1768094101631774e-09,591095547.773887
1.1768089527624777e-09,591495747.873937
1.1768084977024365e-09,591895947.973987
1.1768080449671089e-09,592296148.0740371
1.176807594540695e-09,592696348.174087
1.1768071464075146e-09,593096548.2741371
1.1768067005520374e-09,593496748.3741871
1.1768062569588482e-09,593896948.4742372
1.1768058156126764e-09,594297148.5742872
1.1768053764983715e-09,594697348.6743371
1.1768049396009137e-09,595097548.7743872
1.1768045049054076e-09,595497748.8744372
1.1768040723970882e-09,595897948.9744873
1.1768036420612964e-09,596298149.0745373
1.1768032138835223e-09,596698349.1745874
1.176802787849362e-09,597098549.2746373
1.176802363944522e-09,597498749.3746874
1.1768019421548492e-09,597898949.4747374
1.1768015224662905e-09,598299149.5747874
1.1768011048649189e-09,598699349.6748375
1.1768006893369178e-09,599099549.7748874
1.1768002758685911e-09,599499749.8749375
1.1767998644463482e-09,599899949.9749875
1.17679945505671e-09,600300150.0750376
1.1767990476863117e-09,600700350.1750876
1.176798642321901e-09,601100550.2751377
1.1767982389503299e-09,601500750.3751876
1.1767978375585622e-09,601900950.4752376
1.1767974381336618e-09,602301150.5752877
1.1767970406628e-09,602701350.6753377
1.1767966451332521e-09,603101550.7753878
1.1767962515324062e-09,603501750.8754377
1.1767958598477401e-09,603901950.9754878
1.176795470066829e-09,604302151.0755378
1.1767950821773777e-09,604702351.1755878
1.1767946961671487e-09,605102551.2756379
1.1767943120240346e-09,605502751.3756878
1.1767939297360197e-09,605902951.4757379
1.1767935492911649e-09,606303151.5757879
1.1767931706776614e-09,606703351.675838
1.1767927938837582e-09,607103551.775888
1.176792418897829e-09,607503751.875938
1.1767920457083252e-09,607903951.975988
1.1767916743037796e-09,608304152.076038
1.176791304672841e-09,608704352.1760881
1.1767909368042296e-09,609104552.2761381
1.1767905706867722e-09,609504752.3761882
1.176790206309363e-09,609904952.4762381
1.176789843660997e-09,610305152.5762882
1.176789482730756e-09,610705352.6763382
1.176789123507799e-09,611105552.7763883
1.176788765981381e-09,611505752.8764383
1.1767884101408388e-09,611905952.9764882
1.1767880559755914e-09,612306153.0765383
1.1767877034751346e-09,612706353.1765883
1.1767873526290652e-09,613106553.2766384
1.1767870034270332e-09,613506753.3766884
1.176786655858785e-09,613906953.4767385
1.176786309914158e-09,614307153.5767884
1.1767859655830525e-09,614707353.6768384
1.1767856228554458e-09,615107553.7768885
1.1767852817214018e-09,615507753.8769385
1.176784942171057e-09,615907953.9769886
1.176784604194624e-09,616308154.0770385
1.1767842677823934e-09,616708354.1770886
1.1767839329247325e-09,617108554.2771386
1.176783599612071e-09,617508754.3771887
1.1767832678349303e-09,617908954.4772387
1.1767829375838797e-09,618309154.5772886
1.1767826088495946e-09,618709354.6773387
1.1767822816227842e-09,619109554.7773887
1.1767819558942539e-09,619509754.8774388
1.1767816316548763e-09,619909954.9774888
1.1767813088955821e-09,620310155.0775388
1.1767809876073884e-09,620710355.1775888
1.1767806677813556e-09,621110555.2776389
1.1767803494086358e-09,621510755.3776889
1.1767800324804341e-09,621910955.4777389
1.1767797169880227e-09,622311155.577789
1.176779402922756e-09,622711355.6778389
1.1767790902760265e-09,623111555.777889
1.1767787790393136e-09,623511755.877939
1.1767784692041496e-09,623911955.9779891
1.1767781607621295e-09,624312156.078039
1.176777853704925e-09,624712356.1780891
1.1767775480242472e-09,625112556.2781391
1.1767772437118926e-09,625512756.3781891
1.1767769407596971e-09,625912956.4782392
1.1767766391595732e-09,626313156.5782892
1.1767763389034916e-09,626713356.6783392
1.1767760399834755e-09,627113556.7783892
1.1767757423916108e-09,627513756.8784393
1.1767754461200414e-09,627913956.9784893
1.1767751511609737e-09,628314157.0785393
1.176774857506657e-09,628714357.1785893
1.1767745651494232e-09,629114557.2786393
1.1767742740816374e-09,629514757.3786894
1.1767739842957274e-09,629914957.4787394
1.1767736957841787e-09,630315157.5787895
1.1767734085395344e-09,630715357.6788394
1.1767731225543816e-09,631115557.7788895
1.1767728378213743e-09,631515757.8789395
1.1767725543332144e-09,631915957.9789895
1.1767722720826574e-09,632316158.0790396
1.176771991062511e-09,632716358.1790895
1.1767717112656271e-09,633116558.2791396
1.1767714326849292e-09,633516758.3791896
1.1767711553133697e-09,633916958.4792397
1.1767708791439686e-09,634317158.5792897
1.1767706041697844e-09,634717358.6793398
1.1767703303839335e-09,635117558.7793897
1.17677005777958e-09,635517758.8794397
1.1767697863499414e-09,635917958.9794898
1.1767695160882637e-09,636318159.0795398
1.1767692469878704e-09,636718359.1795899
1.1767689790421135e-09,637118559.2796398
1.1767687122443982e-09,637518759.3796899
1.1767684465881726e-09,637918959.4797399
1.176768182066943e-09,638319159.5797899
1.1767679186742496e-09,638719359.67984
1.17676765640368e-09,639119559.77989
1.1767673952488707e-09,639519759.87994
1.1767671352035057e-09,639919959.97999
1.176766876261303e-09,640320160.0800401
1.1767666184160483e-09,640720360.1800901
1.1767663616615364e-09,641120560.2801402
1.1767661059916299e-09,641520760.3801901
1.1767658514002391e-09,641920960.4802401
1.1767655978813037e-09,642321160.5802902
1.1767653454288016e-09,642721360.6803402
1.176765094036759e-09,643121560.7803903
1.1767648436992547e-09,643521760.8804402
1.1767645944104017e-09,643921960.9804903
1.1767643461643365e-09,644322161.0805403
1.1767640989552687e-09,644722361.1805904
1.1767638527774164e-09,645122561.2806404
1.1767636076250662e-09,645522761.3806903
1.1767633634925229e-09,645922961.4807404
1.1767631203741404e-09,646323161.5807904
1.1767628782643104e-09,646723361.6808405
1.1767626371574587e-09,647123561.7808905
1.1767623970480593e-09,647523761.8809406
1.1767621579306144e-09,647923961.9809905
1.1767619197996708e-09,648324162.0810405
1.176761682649817e-09,648724362.1810906
1.1767614464756525e-09,649124562.2811406
1.1767612112718485e-09,649524762.3811907
1.1767609770330905e-09,649924962.4812406
1.1767607437541122e-09,650325162.5812907
1.1767605114296764e-09,650725362.6813407
1.1767602800545749e-09,651125562.7813908
1.1767600496236516e-09,651525762.8814408
1.1767598201317757e-09,651925962.9814907
1.1767595915738489e-09,652326163.0815408
1.1767593639448126e-09,652726363.1815908
1.1767591372396454e-09,653126563.2816409
1.1767589114533417e-09,653526763.3816909
1.1767586865809624e-09,653926963.481741
1.1767584626175636e-09,654327163.5817909
1.1767582395582645e-09,654727363.681841
1.1767580173982031e-09,655127563.781891
1.176757796132556e-09,655527763.881941
1.1767575757565196e-09,655927963.981991
1.1767573562653372e-09,656328164.082041
1.1767571376542825e-09,656728364.1820911
1.176756919918657e-09,657128564.2821411
1.1767567030537816e-09,657528764.3821912
1.1767564870550357e-09,657928964.4822412
1.1767562719177977e-09,658329164.5822912
1.1767560576375043e-09,658729364.6823412
1.1767558442096115e-09,659129564.7823912
1.1767556316295896e-09,659529764.8824413
1.1767554198929716e-09,659929964.9824913
1.1767552089953e-09,660330165.0825413
1.1767549989321363e-09,660730365.1825913
1.1767547896990958e-09,661130565.2826414
1.1767545812918072e-09,661530765.3826914
1.1767543737059287e-09,661930965.4827414
1.1767541669371573e-09,662331165.5827914
1.1767539609812033e-09,662731365.6828414
1.176753755833812e-09,663131565.7828915
1.1767535514907664e-09,663531765.8829415
1.1767533479478498e-09,663931965.9829916
1.176753145200908e-09,664332166.0830415
1.1767529432457965e-09,664732366.1830916
1.1767527420783803e-09,665132566.2831416
1.1767525416945873e-09,665532766.3831916
1.1767523420903447e-09,665932966.4832417
1.1767521432616142e-09,666333166.5832916
1.176751945204386e-09,666733366.6833417
1.1767517479146696e-09,667133566.7833917
1.176751551388508e-09,667533766.8834418
1.1767513556219735e-09,667933966.9834918
1.1767511606111526e-09,668334167.0835419
1.1767509663521557e-09,668734367.1835918
1.1767507728411224e-09,669134567.2836418
1.176750580074226e-09,669534767.3836919
1.176750388047654e-09,669934967.4837419
1.176750196757613e-09,670335167.583792
1.1767500062003489e-09,670735367.683842
1.1767498163721307e-09,671135567.783892
1.1767496272692281e-09,671535767.883942
1.1767494388879635e-09,671935967.983992
1.1767492512246689e-09,672336168.0840421
1.1767490642756954e-09,672736368.184092
1.1767488780374233e-09,673136568.2841421
1.1767486925062568e-09,673536768.3841921
1.1767485076786292e-09,673936968.4842422
1.1767483235509735e-09,674337168.5842922
1.1767481401197709e-09,674737368.6843423
1.1767479573815076e-09,675137568.7843922
1.1767477753326983e-09,675537768.8844422
1.1767475939698872e-09,675937968.9844923
1.1767474132896178e-09,676338169.0845423
1.1767472332884823e-09,676738369.1845924
1.1767470539630825e-09,677138569.2846423
1.176746875310029e-09,677538769.3846924
1.1767466973259723e-09,677938969.4847424
1.1767465200075856e-09,678339169.5847925
1.1767463433515333e-09,678739369.6848425
1.1767461673545376e-09,679139569.7848924
1.1767459920133202e-09,679539769.8849425
1.176745817324627e-09,679939969.9849925
1.1767456432852236e-09,680340170.0850426
1.1767454698918943e-09,680740370.1850926
1.1767452971414527e-09,681140570.2851427
1.1767451250307217e-09,681540770.3851926
1.1767449535565389e-09,681940970.4852426
1.17674478271578e-09,682341170.5852927
1.1767446125053215e-09,682741370.6853427
1.1767444429220775e-09,683141570.7853928
1.1767442739629578e-09,683541770.8854427
1.1767441056249155e-09,683941970.9854928
1.1767439379049035e-09,684342171.0855428
1.176743770799899e-09,684742371.1855929
1.1767436043069031e-09,685142571.2856429
1.1767434384229268e-09,685542771.3856928
1.1767432731450094e-09,685942971.4857429
1.1767431084702004e-09,686343171.5857929
1.1767429443955684e-09,686743371.685843
1.1767427809182056e-09,687143571.785893
1.1767426180352052e-09,687543771.885943
1.1767424557436981e-09,687943971.985993
1.1767422940408204e-09,688344172.0860431
1.1767421329237365e-09,688744372.1860931
1.1767419723896116e-09,689144572.2861431
1.1767418124356391e-09,689544772.3861932
1.1767416530590323e-09,689944972.4862431
1.1767414942570137e-09,690345172.5862932
1.1767413360268203e-09,690745372.6863432
1.176741178365713e-09,691145572.7863933
1.176741021270963e-09,691545772.8864433
1.1767408647398745e-09,691945972.9864933
1.1767407087697372e-09,692346173.0865433
1.1767405533578847e-09,692746373.1865933
1.1767403985016551e-09,693146573.2866434
1.176740244198401e-09,693546773.3866934
1.176740090445489e-09,693946973.4867435
1.176739937240311e-09,694347173.5867934
1.176739784580267e-09,694747373.6868435
1.1767396324627723e-09,695147573.7868935
1.1767394808852615e-09,695547773.8869435
1.1767393298451834e-09,695947973.9869936
1.1767391793399962e-09,696348174.0870435
1.1767390293671777e-09,696748374.1870936
1.1767388799242253e-09,697148574.2871436
1.1767387310086497e-09,697548774.3871937
1.1767385826179583e-09,697948974.4872437
1.1767384347496955e-09,698349174.5872937
1.1767382874014117e-09,698749374.6873437
1.1767381405706713e-09,699149574.7873937
1.1767379942550526e-09,699549774.8874438
1.1767378484521541e-09,699949974.9874938
1.1767377031595788e-09,700350175.0875438
1.1767375583749436e-09,700750375.1875938
1.1767374140958901e-09,701150575.2876439
1.1767372703200743e-09,701550775.3876939
1.176737127045147e-09,701950975.487744
1.176736984268788e-09,702351175.587794
1.1767368419886822e-09,702751375.6878439
1.1767367002025432e-09,703151575.787894
1.176736558908075e-09,703551775.887944
1.1767364181030248e-09,703951975.9879941
1.176736277785111e-09,704352176.088044
1.1767361379521099e-09,704752376.1880941
1.1767359986017829e-09,705152576.2881441
1.1767358597319066e-09,705552776.3881941
1.1767357213402811e-09,705952976.4882442
1.1767355834247066e-09,706353176.5882941
1.1767354459830122e-09,706753376.6883442
1.1767353090130222e-09,707153576.7883942
1.1767351725125803e-09,707553776.8884443
1.1767350364795491e-09,707953976.9884943
1.1767349009117917e-09,708354177.0885444
1.17673476580719e-09,708754377.1885943
1.1767346311636358e-09,709154577.2886443
1.17673449697904e-09,709554777.3886944
1.1767343632513038e-09,709954977.4887444
1.176734229978372e-09,710355177.5887945
1.1767340971581798e-09,710755377.6888444
1.1767339647886813e-09,711155577.7888945
1.1767338328678354e-09,711555777.8889445
1.1767337013936112e-09,711955977.9889946
1.1767335703640109e-09,712356178.0890446
1.1767334397770177e-09,712756378.1890945
1.1767333096306483e-09,713156578.2891446
1.17673317992292e-09,713556778.3891946
1.1767330506518684e-09,713956978.4892447
1.17673292181553e-09,714357178.5892947
1.1767327934119554e-09,714757378.6893448
1.176732665439214e-09,715157578.7893947
1.1767325378953807e-09,715557778.8894447
1.1767324107785444e-09,715957978.9894948
1.1767322840867943e-09,716358179.0895448
1.1767321578182388e-09,716758379.1895949
1.1767320319709957e-09,717158579.2896448
1.1767319065431975e-09,717558779.3896949
1.1767317815329766e-09,717958979.4897449
1.1767316569384845e-09,718359179.589795
1.1767315327578776e-09,718759379.689845
1.176731408989332e-09,719159579.7898949
1.1767312856310132e-09,719559779.889945
1.1767311626811264e-09,719959979.989995
1.1767310401378565e-09,720360180.0900451
1.1767309179994228e-09,720760380.1900951
1.1767307962640346e-09,721160580.2901452
1.17673067492993e-09,721560780.3901951
1.1767305539953478e-09,721960980.4902452
1.1767304334585257e-09,722361180.5902952
1.1767303133177313e-09,722761380.6903452
1.1767301935712267e-09,723161580.7903953
1.1767300742172888e-09,723561780.8904452
1.1767299552542088e-09,723961980.9904953
1.1767298366802684e-09,724362181.0905453
1.1767297184937925e-09,724762381.1905954
1.1767296006930773e-09,725162581.2906454
1.176729483276457e-09,725562781.3906953
1.1767293662422566e-09,725962981.4907454
1.1767292495888159e-09,726363181.5907954
1.176729133314493e-09,726763381.6908455
1.1767290174176469e-09,727163581.7908955
1.1767289018966408e-09,727563781.8909456
1.1767287867498528e-09,727963981.9909955
1.1767286719756702e-09,728364182.0910456
1.1767285575724806e-09,728764382.1910956
1.1767284435386958e-09,729164582.2911456
1.1767283298727223e-09,729564782.3911957
1.1767282165729765e-09,729964982.4912456
1.1767281036378942e-09,730365182.5912957
1.1767279910659108e-09,730765382.6913457
1.1767278788554717e-09,731165582.7913958
1.1767277670050223e-09,731565782.8914458
1.1767276555130366e-09,731965982.9914958
1.1767275443779793e-09,732366183.0915458
1.1767274335983292e-09,732766383.1915958
1.1767273231725654e-09,733166583.2916459
1.1767272130991954e-09,733566783.3916959
1.1767271033767132e-09,733966983.491746
1.1767269940036263e-09,734367183.5917959
1.1767268849784617e-09,734767383.691846
1.1767267762997372e-09,735167583.791896
1.176726667965994e-09,735567783.8919461
1.1767265599757643e-09,735967983.991996
1.176726452327609e-09,736368184.092046
1.176726345020074e-09,736768384.1920961
1.1767262380517348e-09,737168584.2921461
1.1767261314211522e-09,737568784.3921962
1.1767260251269111e-09,737968984.4922462
1.1767259191676013e-09,738369184.5922962
1.176725813541812e-09,738769384.6923462
1.176725708248148e-09,739169584.7923962
1.1767256032852177e-09,739569784.8924463
1.17672549865164e-09,739969984.9924963
1.1767253943460333e-09,740370185.0925463
1.1767252903670304e-09,740770385.1925963
1.1767251867132744e-09,741170585.2926464
1.1767250833834027e-09,741570785.3926964
1.1767249803760728e-09,741970985.4927465
1.1767248776899415e-09,742371185.5927964
1.1767247753236705e-09,742771385.6928464
1.1767246732759412e-09,743171585.7928965
1.17672457154543e-09,743571785.8929465
1.1767244701308227e-09,743971985.9929966
1.1767243690308149e-09,744372186.0930465
1.176724268244102e-09,744772386.1930966
1.1767241677693944e-09,745172586.2931466
1.176724067605402e-09,745572786.3931967
1.1767239677508539e-09,745972986.4932467
1.1767238682044747e-09,746373186.5932966
1.176723768964989e-09,746773386.6933467
1.17672367003114e-09,747173586.7933967
1.176723571401677e-09,747573786.8934468
1.1767234730753527e-09,747973986.9934968
1.1767233750509207e-09,748374187.0935469
1.1767232773271584e-09,748774387.1935968
1.176723179902824e-09,749174587.2936468
1.1767230827767092e-09,749574787.3936969
1.176722985947582e-09,749974987.4937469
1.1767228894142435e-09,750375187.593797
1.1767227931754908e-09,750775387.693847
1.1767226972301205e-09,751175587.793897
1.1767226015769481e-09,751575787.893947
1.1767225062147854e-09,751975987.9939971
1.1767224111424525e-09,752376188.0940471
1.1767223163587752e-09,752776388.194097
1.1767222218625839e-09,753176588.2941471
1.1767221276527235e-09,753576788.3941971
1.1767220337280385e-09,753976988.4942472
1.1767219400873739e-09,754377188.5942972
1.1767218467295889e-09,754777388.6943473
1.1767217536535426e-09,755177588.7943972
1.1767216608581089e-09,755577788.8944473
1.1767215683421568e-09,755977988.9944973
1.1767214761045594e-09,756378189.0945473
1.1767213841442102e-09,756778389.1945974
1.176721292460002e-09,757178589.2946473
1.176721201050818e-09,757578789.3946974
1.1767211099155608e-09,757978989.4947474
1.1767210190531525e-09,758379189.5947975
1.1767209284624853e-09,758779389.6948475
1.1767208381424913e-09,759179589.7948974
1.1767207480920875e-09,759579789.8949475
1.1767206583102002e-09,759979989.9949975
1.1767205687957707e-09,760380190.0950476
1.1767204795477255e-09,760780390.1950976
1.1767203905650201e-09,761180590.2951477
1.1767203018465957e-09,761580790.3951976
1.1767202133914173e-09,761980990.4952477
1.176720125198431e-09,762381190.5952977
1.176720037266616e-09,762781390.6953477
1.1767199495949235e-09,763181590.7953978
1.176719862182347e-09,763581790.8954477
1.1767197750278567e-09,763981990.9954978
1.176719688130442e-09,764382191.0955478
1.176719601489092e-09,764782391.1955979
1.1767195151028004e-09,765182591.2956479
1.1767194289705615e-09,765582791.395698
1.1767193430913886e-09,765982991.4957479
1.1767192574642948e-09,766383191.5957979
1.1767191720882792e-09,766783391.695848
1.1767190869623787e-09,767183591.795898
1.1767190020856023e-09,767583791.895948
1.1767189174569918e-09,767983991.995998
1.1767188330755702e-09,768384192.0960481
1.1767187489403796e-09,768784392.1960981
1.1767186650504621e-09,769184592.2961482
1.1767185814048746e-09,769584792.3961982
1.1767184980026541e-09,769984992.4962481
1.176718414842867e-09,770385192.5962982
1.1767183319245747e-09,770785392.6963482
1.1767182492468385e-09,771185592.7963983
1.1767181668087345e-09,771585792.8964483
1.1767180846093285e-09,771985992.9964983
1.176718002647711e-09,772386193.0965483
1.176717920922958e-09,772786393.1965983
1.1767178394341646e-09,773186593.2966484
1.176717758180411e-09,773586793.3966984
1.1767176771608027e-09,773986993.4967484
1.1767175963744485e-09,774387193.5967984
1.1767175158204391e-09,774787393.6968485
1.1767174354978936e-09,775187593.7968985
1.1767173554059215e-09,775587793.8969486
1.1767172755436467e-09,775987993.9969985
1.1767171959101887e-09,776388194.0970485
1.176717116504671e-09,776788394.1970986
1.1767170373262324e-09,777188594.2971486
1.1767169583739967e-09,777588794.3971987
1.1767168796471072e-09,777988994.4972486
1.176716801144717e-09,778389194.5972987
1.176716722865964e-09,778789394.6973487
1.1767166448100013e-09,779189594.7973988
1.176716566975982e-09,779589794.8974488
1.1767164893630684e-09,779989994.9974988
1.1767164119704275e-09,780390195.0975488
1.1767163347972177e-09,780790395.1975988
1.17671625784262e-09,781190595.2976489
1.1767161811057974e-09,781590795.3976989
1.176716104585941e-09,781990995.497749
1.1767160282822279e-09,782391195.597799
1.1767159521938445e-09,782791395.6978489
1.176715876319987e-09,783191595.797899
1.1767158006598421e-09,783591795.897949
1.1767157252126108e-09,783991995.9979991
1.1767156499774938e-09,784392196.098049
1.176715574953707e-09,784792396.1980991
1.1767155001404413e-09,785192596.2981491
1.176715425536927e-09,785592796.3981992
1.1767153511423695e-09,785992996.4982492
1.1767152769559895e-09,786393196.5982991
1.1767152029770213e-09,786793396.6983492
1.1767151292046853e-09,787193596.7983992
1.1767150556382115e-09,787593796.8984493
1.1767149822768393e-09,787993996.9984993
1.1767149091198032e-09,788394197.0985494
1.176714836166343e-09,788794397.1985993
1.1767147634157125e-09,789194597.2986494
1.1767146908671464e-09,789594797.3986994
1.1767146185199132e-09,789994997.4987494
1.176714546373262e-09,790395197.5987995
1.1767144744264515e-09,790795397.6988494
1.1767144026787404e-09,791195597.7988995
1.1767143311294018e-09,791595797.8989495
1.1767142597776997e-09,791995997.9989996
1.1767141886229118e-09,792396198.0990496
1.176714117664316e-09,792796398.1990995
1.176714046901176e-09,793196598.2991496
1.1767139763327943e-09,793596798.3991996
1.1767139059584483e-09,793996998.4992497
1.1767138357774306e-09,794397198.5992997
1.1767137657890193e-09,794797398.6993498
1.1767136959925359e-09,795197598.7993997
1.176713626387258e-09,795597798.8994498
1.176713556972493e-09,795997998.9994998
1.1767134877475522e-09,796398199.0995498
1.1767134187117378e-09,796798399.1995999
1.1767133498643664e-09,797198599.2996498
1.1767132812047496e-09,797598799.3996999
1.1767132127322088e-09,797998999.4997499
1.1767131444460603e-09,798399199.5998
1.1767130763456307e-09,798799399.69985
1.1767130084302458e-09,799199599.7999
1.1767129406992367e-09,799599799.89995
1.1767128731519392e-09,800000000.0
